filename,target_pan,target_tilt,target_zoom,real_pan,real_tilt,real_zoom
0001_p0.0_t10.0_z1.0.jpg,0,10,1,0.0,10.0,1.0
0002_p5.0_t10.0_z1.0.jpg,5,10,1,5.0,10.0,1.0
0003_p10.0_t10.0_z1.0.jpg,10,10,1,10.0,10.0,1.0
0004_p15.0_t10.0_z1.0.jpg,15,10,1,15.0,10.0,1.0
0005_p20.0_t10.0_z1.0.jpg,20,10,1,20.0,10.0,1.0
0006_p25.0_t10.0_z1.0.jpg,25,10,1,25.0,10.0,1.0
0007_p30.0_t10.0_z1.0.jpg,30,10,1,30.0,10.0,1.0
0008_p35.0_t10.0_z1.0.jpg,35,10,1,35.0,10.0,1.0
0009_p40.0_t10.0_z1.0.jpg,40,10,1,40.0,10.0,1.0
0010_p45.0_t10.0_z1.0.jpg,45,10,1,45.0,10.0,1.0
0011_p50.0_t10.0_z1.0.jpg,50,10,1,50.0,10.0,1.0
0012_p55.0_t10.0_z1.0.jpg,55,10,1,55.0,10.0,1.0
0013_p60.0_t10.0_z1.0.jpg,60,10,1,60.0,10.0,1.0
0014_p65.0_t10.0_z1.0.jpg,65,10,1,65.0,10.0,1.0
0015_p70.0_t10.0_z1.0.jpg,70,10,1,70.0,10.0,1.0
0016_p75.0_t10.0_z1.0.jpg,75,10,1,75.0,10.0,1.0
0017_p80.0_t10.0_z1.0.jpg,80,10,1,80.0,10.0,1.0
0018_p85.0_t10.0_z1.0.jpg,85,10,1,85.0,10.0,1.0
0019_p90.0_t10.0_z1.0.jpg,90,10,1,90.0,10.0,1.0
0020_p95.0_t10.0_z1.0.jpg,95,10,1,95.0,10.0,1.0
0021_p100.0_t10.0_z1.0.jpg,100,10,1,100.0,10.0,1.0
0022_p105.0_t10.0_z1.0.jpg,105,10,1,105.0,10.0,1.0
0023_p110.0_t10.0_z1.0.jpg,110,10,1,110.0,10.0,1.0
0024_p115.0_t10.0_z1.0.jpg,115,10,1,115.0,10.0,1.0
0025_p120.0_t10.0_z1.0.jpg,120,10,1,120.0,10.0,1.0
0026_p125.0_t10.0_z1.0.jpg,125,10,1,125.0,10.0,1.0
0027_p130.0_t10.0_z1.0.jpg,130,10,1,130.0,10.0,1.0
0028_p135.0_t10.0_z1.0.jpg,135,10,1,135.0,10.0,1.0
0029_p140.0_t10.0_z1.0.jpg,140,10,1,140.0,10.0,1.0
0030_p145.0_t10.0_z1.0.jpg,145,10,1,145.0,10.0,1.0
0031_p150.0_t10.0_z1.0.jpg,150,10,1,150.0,10.0,1.0
0032_p155.0_t10.0_z1.0.jpg,155,10,1,155.0,10.0,1.0
0033_p160.0_t10.0_z1.0.jpg,160,10,1,160.0,10.0,1.0
0034_p165.0_t10.0_z1.0.jpg,165,10,1,165.0,10.0,1.0
0035_p170.0_t10.0_z1.0.jpg,170,10,1,170.0,10.0,1.0
0036_p175.0_t10.0_z1.0.jpg,175,10,1,175.0,10.0,1.0
0037_p180.0_t10.0_z1.0.jpg,180,10,1,180.0,10.0,1.0
0038_p185.0_t10.0_z1.0.jpg,185,10,1,185.0,10.0,1.0
0039_p190.0_t10.0_z1.0.jpg,190,10,1,190.0,10.0,1.0
0040_p195.0_t10.0_z1.0.jpg,195,10,1,195.0,10.0,1.0
0041_p200.0_t10.0_z1.0.jpg,200,10,1,200.0,10.0,1.0
0042_p205.0_t10.0_z1.0.jpg,205,10,1,205.0,10.0,1.0
0043_p210.0_t10.0_z1.0.jpg,210,10,1,210.0,10.0,1.0
0044_p215.0_t10.0_z1.0.jpg,215,10,1,215.0,10.0,1.0
0045_p220.0_t10.0_z1.0.jpg,220,10,1,220.0,10.0,1.0
0046_p225.0_t10.0_z1.0.jpg,225,10,1,225.0,10.0,1.0
0047_p230.0_t10.0_z1.0.jpg,230,10,1,230.0,10.0,1.0
0048_p235.0_t10.0_z1.0.jpg,235,10,1,235.0,10.0,1.0
0049_p240.0_t10.0_z1.0.jpg,240,10,1,240.0,10.0,1.0
0050_p245.0_t10.0_z1.0.jpg,245,10,1,245.0,10.0,1.0
0051_p250.0_t10.0_z1.0.jpg,250,10,1,250.0,10.0,1.0
0052_p255.0_t10.0_z1.0.jpg,255,10,1,255.0,10.0,1.0
0053_p260.0_t10.0_z1.0.jpg,260,10,1,260.0,10.0,1.0
0054_p265.0_t10.0_z1.0.jpg,265,10,1,265.0,10.0,1.0
0055_p270.0_t10.0_z1.0.jpg,270,10,1,270.0,10.0,1.0
0056_p275.0_t10.0_z1.0.jpg,275,10,1,275.0,10.0,1.0
0057_p280.0_t10.0_z1.0.jpg,280,10,1,280.0,10.0,1.0
0058_p285.0_t10.0_z1.0.jpg,285,10,1,285.0,10.0,1.0
0059_p290.0_t10.0_z1.0.jpg,290,10,1,290.0,10.0,1.0
0060_p295.0_t10.0_z1.0.jpg,295,10,1,295.0,10.0,1.0
0061_p300.0_t10.0_z1.0.jpg,300,10,1,300.0,10.0,1.0
0062_p305.0_t10.0_z1.0.jpg,305,10,1,305.0,10.0,1.0
0063_p310.0_t10.0_z1.0.jpg,310,10,1,310.0,10.0,1.0
0064_p315.0_t10.0_z1.0.jpg,315,10,1,315.0,10.0,1.0
0065_p320.0_t10.0_z1.0.jpg,320,10,1,320.0,10.0,1.0
0066_p325.0_t10.0_z1.0.jpg,325,10,1,325.0,10.0,1.0
0067_p330.0_t10.0_z1.0.jpg,330,10,1,330.0,10.0,1.0
0068_p335.0_t10.0_z1.0.jpg,335,10,1,335.0,10.0,1.0
0069_p340.0_t10.0_z1.0.jpg,340,10,1,340.0,10.0,1.0
0070_p345.0_t10.0_z1.0.jpg,345,10,1,345.0,10.0,1.0
0071_p350.0_t10.0_z1.0.jpg,350,10,1,350.0,10.0,1.0
0072_p350.0_t10.0_z1.0.jpg,355,10,1,350.0,10.0,1.0
0073_p0.0_t15.0_z1.0.jpg,0,15,1,0.0,15.0,1.0
0074_p5.0_t15.0_z1.0.jpg,5,15,1,5.0,15.0,1.0
0075_p10.0_t15.0_z1.0.jpg,10,15,1,10.0,15.0,1.0
0076_p15.0_t15.0_z1.0.jpg,15,15,1,15.0,15.0,1.0
0077_p20.0_t15.0_z1.0.jpg,20,15,1,20.0,15.0,1.0
0078_p25.0_t15.0_z1.0.jpg,25,15,1,25.0,15.0,1.0
0079_p30.0_t15.0_z1.0.jpg,30,15,1,30.0,15.0,1.0
0080_p35.0_t15.0_z1.0.jpg,35,15,1,35.0,15.0,1.0
0081_p40.0_t15.0_z1.0.jpg,40,15,1,40.0,15.0,1.0
0082_p45.0_t15.0_z1.0.jpg,45,15,1,45.0,15.0,1.0
0083_p50.0_t15.0_z1.0.jpg,50,15,1,50.0,15.0,1.0
0084_p55.0_t15.0_z1.0.jpg,55,15,1,55.0,15.0,1.0
0085_p60.0_t15.0_z1.0.jpg,60,15,1,60.0,15.0,1.0
0086_p65.0_t15.0_z1.0.jpg,65,15,1,65.0,15.0,1.0
0087_p70.0_t15.0_z1.0.jpg,70,15,1,70.0,15.0,1.0
0088_p75.0_t15.0_z1.0.jpg,75,15,1,75.0,15.0,1.0
0089_p80.0_t15.0_z1.0.jpg,80,15,1,80.0,15.0,1.0
0090_p85.0_t15.0_z1.0.jpg,85,15,1,85.0,15.0,1.0
0091_p90.0_t15.0_z1.0.jpg,90,15,1,90.0,15.0,1.0
0092_p95.0_t15.0_z1.0.jpg,95,15,1,95.0,15.0,1.0
0093_p100.0_t15.0_z1.0.jpg,100,15,1,100.0,15.0,1.0
0094_p105.0_t15.0_z1.0.jpg,105,15,1,105.0,15.0,1.0
0095_p110.0_t15.0_z1.0.jpg,110,15,1,110.0,15.0,1.0
0096_p115.0_t15.0_z1.0.jpg,115,15,1,115.0,15.0,1.0
0097_p120.0_t15.0_z1.0.jpg,120,15,1,120.0,15.0,1.0
0098_p125.0_t15.0_z1.0.jpg,125,15,1,125.0,15.0,1.0
0099_p130.0_t15.0_z1.0.jpg,130,15,1,130.0,15.0,1.0
0100_p135.0_t15.0_z1.0.jpg,135,15,1,135.0,15.0,1.0
0101_p140.0_t15.0_z1.0.jpg,140,15,1,140.0,15.0,1.0
0102_p145.0_t15.0_z1.0.jpg,145,15,1,145.0,15.0,1.0
0103_p150.0_t15.0_z1.0.jpg,150,15,1,150.0,15.0,1.0
0104_p155.0_t15.0_z1.0.jpg,155,15,1,155.0,15.0,1.0
0105_p160.0_t15.0_z1.0.jpg,160,15,1,160.0,15.0,1.0
0106_p165.0_t15.0_z1.0.jpg,165,15,1,165.0,15.0,1.0
0107_p170.0_t15.0_z1.0.jpg,170,15,1,170.0,15.0,1.0
0108_p175.0_t15.0_z1.0.jpg,175,15,1,175.0,15.0,1.0
0109_p180.0_t15.0_z1.0.jpg,180,15,1,180.0,15.0,1.0
0110_p185.0_t15.0_z1.0.jpg,185,15,1,185.0,15.0,1.0
0111_p190.0_t15.0_z1.0.jpg,190,15,1,190.0,15.0,1.0
0112_p195.0_t15.0_z1.0.jpg,195,15,1,195.0,15.0,1.0
0113_p200.0_t15.0_z1.0.jpg,200,15,1,200.0,15.0,1.0
0114_p205.0_t15.0_z1.0.jpg,205,15,1,205.0,15.0,1.0
0115_p210.0_t15.0_z1.0.jpg,210,15,1,210.0,15.0,1.0
0116_p215.0_t15.0_z1.0.jpg,215,15,1,215.0,15.0,1.0
0117_p220.0_t15.0_z1.0.jpg,220,15,1,220.0,15.0,1.0
0118_p225.0_t15.0_z1.0.jpg,225,15,1,225.0,15.0,1.0
0119_p230.0_t15.0_z1.0.jpg,230,15,1,230.0,15.0,1.0
0120_p235.0_t15.0_z1.0.jpg,235,15,1,235.0,15.0,1.0
0121_p240.0_t15.0_z1.0.jpg,240,15,1,240.0,15.0,1.0
0122_p245.0_t15.0_z1.0.jpg,245,15,1,245.0,15.0,1.0
0123_p250.0_t15.0_z1.0.jpg,250,15,1,250.0,15.0,1.0
0124_p255.0_t15.0_z1.0.jpg,255,15,1,255.0,15.0,1.0
0125_p260.0_t15.0_z1.0.jpg,260,15,1,260.0,15.0,1.0
0126_p265.0_t15.0_z1.0.jpg,265,15,1,265.0,15.0,1.0
0127_p270.0_t15.0_z1.0.jpg,270,15,1,270.0,15.0,1.0
0128_p275.0_t15.0_z1.0.jpg,275,15,1,275.0,15.0,1.0
0129_p280.0_t15.0_z1.0.jpg,280,15,1,280.0,15.0,1.0
0130_p285.0_t15.0_z1.0.jpg,285,15,1,285.0,15.0,1.0
0131_p290.0_t15.0_z1.0.jpg,290,15,1,290.0,15.0,1.0
0132_p295.0_t15.0_z1.0.jpg,295,15,1,295.0,15.0,1.0
0133_p300.0_t15.0_z1.0.jpg,300,15,1,300.0,15.0,1.0
0134_p305.0_t15.0_z1.0.jpg,305,15,1,305.0,15.0,1.0
0135_p310.0_t15.0_z1.0.jpg,310,15,1,310.0,15.0,1.0
0136_p315.0_t15.0_z1.0.jpg,315,15,1,315.0,15.0,1.0
0137_p320.0_t15.0_z1.0.jpg,320,15,1,320.0,15.0,1.0
0138_p325.0_t15.0_z1.0.jpg,325,15,1,325.0,15.0,1.0
0139_p330.0_t15.0_z1.0.jpg,330,15,1,330.0,15.0,1.0
0140_p335.0_t15.0_z1.0.jpg,335,15,1,335.0,15.0,1.0
0141_p340.0_t15.0_z1.0.jpg,340,15,1,340.0,15.0,1.0
0142_p345.0_t15.0_z1.0.jpg,345,15,1,345.0,15.0,1.0
0143_p350.0_t15.0_z1.0.jpg,350,15,1,350.0,15.0,1.0
0144_p350.0_t15.0_z1.0.jpg,355,15,1,350.0,15.0,1.0
0145_p0.0_t20.0_z1.0.jpg,0,20,1,0.0,20.0,1.0
0146_p5.0_t20.0_z1.0.jpg,5,20,1,5.0,20.0,1.0
0147_p10.0_t20.0_z1.0.jpg,10,20,1,10.0,20.0,1.0
0148_p15.0_t20.0_z1.0.jpg,15,20,1,15.0,20.0,1.0
0149_p20.0_t20.0_z1.0.jpg,20,20,1,20.0,20.0,1.0
0150_p25.0_t20.0_z1.0.jpg,25,20,1,25.0,20.0,1.0
0151_p30.0_t20.0_z1.0.jpg,30,20,1,30.0,20.0,1.0
0152_p35.0_t20.0_z1.0.jpg,35,20,1,35.0,20.0,1.0
0153_p40.0_t20.0_z1.0.jpg,40,20,1,40.0,20.0,1.0
0154_p45.0_t20.0_z1.0.jpg,45,20,1,45.0,20.0,1.0
0155_p50.0_t20.0_z1.0.jpg,50,20,1,50.0,20.0,1.0
0156_p55.0_t20.0_z1.0.jpg,55,20,1,55.0,20.0,1.0
0157_p60.0_t20.0_z1.0.jpg,60,20,1,60.0,20.0,1.0
0158_p65.0_t20.0_z1.0.jpg,65,20,1,65.0,20.0,1.0
0159_p70.0_t20.0_z1.0.jpg,70,20,1,70.0,20.0,1.0
0160_p75.0_t20.0_z1.0.jpg,75,20,1,75.0,20.0,1.0
0161_p80.0_t20.0_z1.0.jpg,80,20,1,80.0,20.0,1.0
0162_p85.0_t20.0_z1.0.jpg,85,20,1,85.0,20.0,1.0
0163_p90.0_t20.0_z1.0.jpg,90,20,1,90.0,20.0,1.0
0164_p95.0_t20.0_z1.0.jpg,95,20,1,95.0,20.0,1.0
0165_p100.0_t20.0_z1.0.jpg,100,20,1,100.0,20.0,1.0
0166_p105.0_t20.0_z1.0.jpg,105,20,1,105.0,20.0,1.0
0167_p110.0_t20.0_z1.0.jpg,110,20,1,110.0,20.0,1.0
0168_p115.0_t20.0_z1.0.jpg,115,20,1,115.0,20.0,1.0
0169_p120.0_t20.0_z1.0.jpg,120,20,1,120.0,20.0,1.0
0170_p125.0_t20.0_z1.0.jpg,125,20,1,125.0,20.0,1.0
0171_p130.0_t20.0_z1.0.jpg,130,20,1,130.0,20.0,1.0
0172_p135.0_t20.0_z1.0.jpg,135,20,1,135.0,20.0,1.0
0173_p140.0_t20.0_z1.0.jpg,140,20,1,140.0,20.0,1.0
0174_p145.0_t20.0_z1.0.jpg,145,20,1,145.0,20.0,1.0
0175_p150.0_t20.0_z1.0.jpg,150,20,1,150.0,20.0,1.0
0176_p155.0_t20.0_z1.0.jpg,155,20,1,155.0,20.0,1.0
0177_p160.0_t20.0_z1.0.jpg,160,20,1,160.0,20.0,1.0
0178_p165.0_t20.0_z1.0.jpg,165,20,1,165.0,20.0,1.0
0179_p170.0_t20.0_z1.0.jpg,170,20,1,170.0,20.0,1.0
0180_p175.0_t20.0_z1.0.jpg,175,20,1,175.0,20.0,1.0
0181_p180.0_t20.0_z1.0.jpg,180,20,1,180.0,20.0,1.0
0182_p185.0_t20.0_z1.0.jpg,185,20,1,185.0,20.0,1.0
0183_p190.0_t20.0_z1.0.jpg,190,20,1,190.0,20.0,1.0
0184_p195.0_t20.0_z1.0.jpg,195,20,1,195.0,20.0,1.0
0185_p200.0_t20.0_z1.0.jpg,200,20,1,200.0,20.0,1.0
0186_p205.0_t20.0_z1.0.jpg,205,20,1,205.0,20.0,1.0
0187_p210.0_t20.0_z1.0.jpg,210,20,1,210.0,20.0,1.0
0188_p215.0_t20.0_z1.0.jpg,215,20,1,215.0,20.0,1.0
0189_p220.0_t20.0_z1.0.jpg,220,20,1,220.0,20.0,1.0
0190_p225.0_t20.0_z1.0.jpg,225,20,1,225.0,20.0,1.0
0191_p230.0_t20.0_z1.0.jpg,230,20,1,230.0,20.0,1.0
0192_p235.0_t20.0_z1.0.jpg,235,20,1,235.0,20.0,1.0
0193_p240.0_t20.0_z1.0.jpg,240,20,1,240.0,20.0,1.0
0194_p245.0_t20.0_z1.0.jpg,245,20,1,245.0,20.0,1.0
0195_p250.0_t20.0_z1.0.jpg,250,20,1,250.0,20.0,1.0
0196_p255.0_t20.0_z1.0.jpg,255,20,1,255.0,20.0,1.0
0197_p260.0_t20.0_z1.0.jpg,260,20,1,260.0,20.0,1.0
0198_p265.0_t20.0_z1.0.jpg,265,20,1,265.0,20.0,1.0
0199_p270.0_t20.0_z1.0.jpg,270,20,1,270.0,20.0,1.0
0200_p275.0_t20.0_z1.0.jpg,275,20,1,275.0,20.0,1.0
0201_p280.0_t20.0_z1.0.jpg,280,20,1,280.0,20.0,1.0
0202_p285.0_t20.0_z1.0.jpg,285,20,1,285.0,20.0,1.0
0203_p290.0_t20.0_z1.0.jpg,290,20,1,290.0,20.0,1.0
0204_p295.0_t20.0_z1.0.jpg,295,20,1,295.0,20.0,1.0
0205_p300.0_t20.0_z1.0.jpg,300,20,1,300.0,20.0,1.0
0206_p305.0_t20.0_z1.0.jpg,305,20,1,305.0,20.0,1.0
0207_p310.0_t20.0_z1.0.jpg,310,20,1,310.0,20.0,1.0
0208_p315.0_t20.0_z1.0.jpg,315,20,1,315.0,20.0,1.0
0209_p320.0_t20.0_z1.0.jpg,320,20,1,320.0,20.0,1.0
0210_p325.0_t20.0_z1.0.jpg,325,20,1,325.0,20.0,1.0
0211_p330.0_t20.0_z1.0.jpg,330,20,1,330.0,20.0,1.0
0212_p335.0_t20.0_z1.0.jpg,335,20,1,335.0,20.0,1.0
0213_p340.0_t20.0_z1.0.jpg,340,20,1,340.0,20.0,1.0
0214_p345.0_t20.0_z1.0.jpg,345,20,1,345.0,20.0,1.0
0215_p350.0_t20.0_z1.0.jpg,350,20,1,350.0,20.0,1.0
0216_p350.0_t20.0_z1.0.jpg,355,20,1,350.0,20.0,1.0
0217_p0.0_t25.0_z1.0.jpg,0,25,1,0.0,25.0,1.0
0218_p5.0_t25.0_z1.0.jpg,5,25,1,5.0,25.0,1.0
0219_p10.0_t25.0_z1.0.jpg,10,25,1,10.0,25.0,1.0
0220_p15.0_t25.0_z1.0.jpg,15,25,1,15.0,25.0,1.0
0221_p20.0_t25.0_z1.0.jpg,20,25,1,20.0,25.0,1.0
0222_p25.0_t25.0_z1.0.jpg,25,25,1,25.0,25.0,1.0
0223_p30.0_t25.0_z1.0.jpg,30,25,1,30.0,25.0,1.0
0224_p35.0_t25.0_z1.0.jpg,35,25,1,35.0,25.0,1.0
0225_p40.0_t25.0_z1.0.jpg,40,25,1,40.0,25.0,1.0
0226_p45.0_t25.0_z1.0.jpg,45,25,1,45.0,25.0,1.0
0227_p50.0_t25.0_z1.0.jpg,50,25,1,50.0,25.0,1.0
0228_p55.0_t25.0_z1.0.jpg,55,25,1,55.0,25.0,1.0
0229_p60.0_t25.0_z1.0.jpg,60,25,1,60.0,25.0,1.0
0230_p65.0_t25.0_z1.0.jpg,65,25,1,65.0,25.0,1.0
0231_p70.0_t25.0_z1.0.jpg,70,25,1,70.0,25.0,1.0
0232_p75.0_t25.0_z1.0.jpg,75,25,1,75.0,25.0,1.0
0233_p80.0_t25.0_z1.0.jpg,80,25,1,80.0,25.0,1.0
0234_p85.0_t25.0_z1.0.jpg,85,25,1,85.0,25.0,1.0
0235_p90.0_t25.0_z1.0.jpg,90,25,1,90.0,25.0,1.0
0236_p95.0_t25.0_z1.0.jpg,95,25,1,95.0,25.0,1.0
0237_p100.0_t25.0_z1.0.jpg,100,25,1,100.0,25.0,1.0
0238_p105.0_t25.0_z1.0.jpg,105,25,1,105.0,25.0,1.0
0239_p110.0_t25.0_z1.0.jpg,110,25,1,110.0,25.0,1.0
0240_p115.0_t25.0_z1.0.jpg,115,25,1,115.0,25.0,1.0
0241_p120.0_t25.0_z1.0.jpg,120,25,1,120.0,25.0,1.0
0242_p125.0_t25.0_z1.0.jpg,125,25,1,125.0,25.0,1.0
0243_p130.0_t25.0_z1.0.jpg,130,25,1,130.0,25.0,1.0
0244_p135.0_t25.0_z1.0.jpg,135,25,1,135.0,25.0,1.0
0245_p140.0_t25.0_z1.0.jpg,140,25,1,140.0,25.0,1.0
0246_p145.0_t25.0_z1.0.jpg,145,25,1,145.0,25.0,1.0
0247_p150.0_t25.0_z1.0.jpg,150,25,1,150.0,25.0,1.0
0248_p155.0_t25.0_z1.0.jpg,155,25,1,155.0,25.0,1.0
0249_p160.0_t25.0_z1.0.jpg,160,25,1,160.0,25.0,1.0
0250_p165.0_t25.0_z1.0.jpg,165,25,1,165.0,25.0,1.0
0251_p170.0_t25.0_z1.0.jpg,170,25,1,170.0,25.0,1.0
0252_p175.0_t25.0_z1.0.jpg,175,25,1,175.0,25.0,1.0
0253_p180.0_t25.0_z1.0.jpg,180,25,1,180.0,25.0,1.0
0254_p185.0_t25.0_z1.0.jpg,185,25,1,185.0,25.0,1.0
0255_p190.0_t25.0_z1.0.jpg,190,25,1,190.0,25.0,1.0
0256_p195.0_t25.0_z1.0.jpg,195,25,1,195.0,25.0,1.0
0257_p200.0_t25.0_z1.0.jpg,200,25,1,200.0,25.0,1.0
0258_p205.0_t25.0_z1.0.jpg,205,25,1,205.0,25.0,1.0
0259_p210.0_t25.0_z1.0.jpg,210,25,1,210.0,25.0,1.0
0260_p215.0_t25.0_z1.0.jpg,215,25,1,215.0,25.0,1.0
0261_p220.0_t25.0_z1.0.jpg,220,25,1,220.0,25.0,1.0
0262_p225.0_t25.0_z1.0.jpg,225,25,1,225.0,25.0,1.0
0263_p230.0_t25.0_z1.0.jpg,230,25,1,230.0,25.0,1.0
0264_p235.0_t25.0_z1.0.jpg,235,25,1,235.0,25.0,1.0
0265_p240.0_t25.0_z1.0.jpg,240,25,1,240.0,25.0,1.0
0266_p245.0_t25.0_z1.0.jpg,245,25,1,245.0,25.0,1.0
0267_p250.0_t25.0_z1.0.jpg,250,25,1,250.0,25.0,1.0
0268_p255.0_t25.0_z1.0.jpg,255,25,1,255.0,25.0,1.0
0269_p260.0_t25.0_z1.0.jpg,260,25,1,260.0,25.0,1.0
0270_p265.0_t25.0_z1.0.jpg,265,25,1,265.0,25.0,1.0
0271_p270.0_t25.0_z1.0.jpg,270,25,1,270.0,25.0,1.0
0272_p275.0_t25.0_z1.0.jpg,275,25,1,275.0,25.0,1.0
0273_p280.0_t25.0_z1.0.jpg,280,25,1,280.0,25.0,1.0
0274_p285.0_t25.0_z1.0.jpg,285,25,1,285.0,25.0,1.0
0275_p290.0_t25.0_z1.0.jpg,290,25,1,290.0,25.0,1.0
0276_p295.0_t25.0_z1.0.jpg,295,25,1,295.0,25.0,1.0
0277_p300.0_t25.0_z1.0.jpg,300,25,1,300.0,25.0,1.0
0278_p305.0_t25.0_z1.0.jpg,305,25,1,305.0,25.0,1.0
0279_p310.0_t25.0_z1.0.jpg,310,25,1,310.0,25.0,1.0
0280_p315.0_t25.0_z1.0.jpg,315,25,1,315.0,25.0,1.0
0281_p320.0_t25.0_z1.0.jpg,320,25,1,320.0,25.0,1.0
0282_p325.0_t25.0_z1.0.jpg,325,25,1,325.0,25.0,1.0
0283_p330.0_t25.0_z1.0.jpg,330,25,1,330.0,25.0,1.0
0284_p335.0_t25.0_z1.0.jpg,335,25,1,335.0,25.0,1.0
0285_p340.0_t25.0_z1.0.jpg,340,25,1,340.0,25.0,1.0
0286_p345.0_t25.0_z1.0.jpg,345,25,1,345.0,25.0,1.0
0287_p350.0_t25.0_z1.0.jpg,350,25,1,350.0,25.0,1.0
0288_p350.0_t25.0_z1.0.jpg,355,25,1,350.0,25.0,1.0
0289_p0.0_t30.0_z1.0.jpg,0,30,1,0.0,30.0,1.0
0290_p5.0_t30.0_z1.0.jpg,5,30,1,5.0,30.0,1.0
0291_p10.0_t30.0_z1.0.jpg,10,30,1,10.0,30.0,1.0
0292_p15.0_t30.0_z1.0.jpg,15,30,1,15.0,30.0,1.0
0293_p20.0_t30.0_z1.0.jpg,20,30,1,20.0,30.0,1.0
0294_p25.0_t30.0_z1.0.jpg,25,30,1,25.0,30.0,1.0
0295_p30.0_t30.0_z1.0.jpg,30,30,1,30.0,30.0,1.0
0296_p35.0_t30.0_z1.0.jpg,35,30,1,35.0,30.0,1.0
0297_p40.0_t30.0_z1.0.jpg,40,30,1,40.0,30.0,1.0
0298_p45.0_t30.0_z1.0.jpg,45,30,1,45.0,30.0,1.0
0299_p50.0_t30.0_z1.0.jpg,50,30,1,50.0,30.0,1.0
0300_p55.0_t30.0_z1.0.jpg,55,30,1,55.0,30.0,1.0
0301_p60.0_t30.0_z1.0.jpg,60,30,1,60.0,30.0,1.0
0302_p65.0_t30.0_z1.0.jpg,65,30,1,65.0,30.0,1.0
0303_p70.0_t30.0_z1.0.jpg,70,30,1,70.0,30.0,1.0
0304_p75.0_t30.0_z1.0.jpg,75,30,1,75.0,30.0,1.0
0305_p80.0_t30.0_z1.0.jpg,80,30,1,80.0,30.0,1.0
0306_p85.0_t30.0_z1.0.jpg,85,30,1,85.0,30.0,1.0
0307_p90.0_t30.0_z1.0.jpg,90,30,1,90.0,30.0,1.0
0308_p95.0_t30.0_z1.0.jpg,95,30,1,95.0,30.0,1.0
0309_p100.0_t30.0_z1.0.jpg,100,30,1,100.0,30.0,1.0
0310_p105.0_t30.0_z1.0.jpg,105,30,1,105.0,30.0,1.0
0311_p110.0_t30.0_z1.0.jpg,110,30,1,110.0,30.0,1.0
0312_p115.0_t30.0_z1.0.jpg,115,30,1,115.0,30.0,1.0
0313_p120.0_t30.0_z1.0.jpg,120,30,1,120.0,30.0,1.0
0314_p125.0_t30.0_z1.0.jpg,125,30,1,125.0,30.0,1.0
0315_p130.0_t30.0_z1.0.jpg,130,30,1,130.0,30.0,1.0
0316_p135.0_t30.0_z1.0.jpg,135,30,1,135.0,30.0,1.0
0317_p140.0_t30.0_z1.0.jpg,140,30,1,140.0,30.0,1.0
0318_p145.0_t30.0_z1.0.jpg,145,30,1,145.0,30.0,1.0
0319_p150.0_t30.0_z1.0.jpg,150,30,1,150.0,30.0,1.0
0320_p155.0_t30.0_z1.0.jpg,155,30,1,155.0,30.0,1.0
0321_p160.0_t30.0_z1.0.jpg,160,30,1,160.0,30.0,1.0
0322_p165.0_t30.0_z1.0.jpg,165,30,1,165.0,30.0,1.0
0323_p170.0_t30.0_z1.0.jpg,170,30,1,170.0,30.0,1.0
0324_p175.0_t30.0_z1.0.jpg,175,30,1,175.0,30.0,1.0
0325_p180.0_t30.0_z1.0.jpg,180,30,1,180.0,30.0,1.0
0326_p185.0_t30.0_z1.0.jpg,185,30,1,185.0,30.0,1.0
0327_p190.0_t30.0_z1.0.jpg,190,30,1,190.0,30.0,1.0
0328_p195.0_t30.0_z1.0.jpg,195,30,1,195.0,30.0,1.0
0329_p200.0_t30.0_z1.0.jpg,200,30,1,200.0,30.0,1.0
0330_p205.0_t30.0_z1.0.jpg,205,30,1,205.0,30.0,1.0
0331_p210.0_t30.0_z1.0.jpg,210,30,1,210.0,30.0,1.0
0332_p215.0_t30.0_z1.0.jpg,215,30,1,215.0,30.0,1.0
0333_p220.0_t30.0_z1.0.jpg,220,30,1,220.0,30.0,1.0
0334_p225.0_t30.0_z1.0.jpg,225,30,1,225.0,30.0,1.0
0335_p230.0_t30.0_z1.0.jpg,230,30,1,230.0,30.0,1.0
0336_p235.0_t30.0_z1.0.jpg,235,30,1,235.0,30.0,1.0
0337_p240.0_t30.0_z1.0.jpg,240,30,1,240.0,30.0,1.0
0338_p245.0_t30.0_z1.0.jpg,245,30,1,245.0,30.0,1.0
0339_p250.0_t30.0_z1.0.jpg,250,30,1,250.0,30.0,1.0
0340_p255.0_t30.0_z1.0.jpg,255,30,1,255.0,30.0,1.0
0341_p260.0_t30.0_z1.0.jpg,260,30,1,260.0,30.0,1.0
0342_p265.0_t30.0_z1.0.jpg,265,30,1,265.0,30.0,1.0
0343_p270.0_t30.0_z1.0.jpg,270,30,1,270.0,30.0,1.0
0344_p275.0_t30.0_z1.0.jpg,275,30,1,275.0,30.0,1.0
0345_p280.0_t30.0_z1.0.jpg,280,30,1,280.0,30.0,1.0
0346_p285.0_t30.0_z1.0.jpg,285,30,1,285.0,30.0,1.0
0347_p290.0_t30.0_z1.0.jpg,290,30,1,290.0,30.0,1.0
0348_p295.0_t30.0_z1.0.jpg,295,30,1,295.0,30.0,1.0
0349_p300.0_t30.0_z1.0.jpg,300,30,1,300.0,30.0,1.0
0350_p305.0_t30.0_z1.0.jpg,305,30,1,305.0,30.0,1.0
0351_p310.0_t30.0_z1.0.jpg,310,30,1,310.0,30.0,1.0
0352_p315.0_t30.0_z1.0.jpg,315,30,1,315.0,30.0,1.0
0353_p320.0_t30.0_z1.0.jpg,320,30,1,320.0,30.0,1.0
0354_p325.0_t30.0_z1.0.jpg,325,30,1,325.0,30.0,1.0
0355_p330.0_t30.0_z1.0.jpg,330,30,1,330.0,30.0,1.0
0356_p335.0_t30.0_z1.0.jpg,335,30,1,335.0,30.0,1.0
0357_p340.0_t30.0_z1.0.jpg,340,30,1,340.0,30.0,1.0
0358_p345.0_t30.0_z1.0.jpg,345,30,1,345.0,30.0,1.0
0359_p350.0_t30.0_z1.0.jpg,350,30,1,350.0,30.0,1.0
0360_p350.0_t30.0_z1.0.jpg,355,30,1,350.0,30.0,1.0
0361_p0.0_t35.0_z1.0.jpg,0,35,1,0.0,35.0,1.0
0362_p5.0_t35.0_z1.0.jpg,5,35,1,5.0,35.0,1.0
0363_p10.0_t35.0_z1.0.jpg,10,35,1,10.0,35.0,1.0
0364_p15.0_t35.0_z1.0.jpg,15,35,1,15.0,35.0,1.0
0365_p20.0_t35.0_z1.0.jpg,20,35,1,20.0,35.0,1.0
0366_p25.0_t35.0_z1.0.jpg,25,35,1,25.0,35.0,1.0
0367_p30.0_t35.0_z1.0.jpg,30,35,1,30.0,35.0,1.0
0368_p35.0_t35.0_z1.0.jpg,35,35,1,35.0,35.0,1.0
0369_p40.0_t35.0_z1.0.jpg,40,35,1,40.0,35.0,1.0
0370_p45.0_t35.0_z1.0.jpg,45,35,1,45.0,35.0,1.0
0371_p50.0_t35.0_z1.0.jpg,50,35,1,50.0,35.0,1.0
0372_p55.0_t35.0_z1.0.jpg,55,35,1,55.0,35.0,1.0
0373_p60.0_t35.0_z1.0.jpg,60,35,1,60.0,35.0,1.0
0374_p65.0_t35.0_z1.0.jpg,65,35,1,65.0,35.0,1.0
0375_p70.0_t35.0_z1.0.jpg,70,35,1,70.0,35.0,1.0
0376_p75.0_t35.0_z1.0.jpg,75,35,1,75.0,35.0,1.0
0377_p80.0_t35.0_z1.0.jpg,80,35,1,80.0,35.0,1.0
0378_p85.0_t35.0_z1.0.jpg,85,35,1,85.0,35.0,1.0
0379_p90.0_t35.0_z1.0.jpg,90,35,1,90.0,35.0,1.0
0380_p95.0_t35.0_z1.0.jpg,95,35,1,95.0,35.0,1.0
0381_p100.0_t35.0_z1.0.jpg,100,35,1,100.0,35.0,1.0
0382_p105.0_t35.0_z1.0.jpg,105,35,1,105.0,35.0,1.0
0383_p110.0_t35.0_z1.0.jpg,110,35,1,110.0,35.0,1.0
0384_p115.0_t35.0_z1.0.jpg,115,35,1,115.0,35.0,1.0
0385_p120.0_t35.0_z1.0.jpg,120,35,1,120.0,35.0,1.0
0386_p125.0_t35.0_z1.0.jpg,125,35,1,125.0,35.0,1.0
0387_p130.0_t35.0_z1.0.jpg,130,35,1,130.0,35.0,1.0
0388_p135.0_t35.0_z1.0.jpg,135,35,1,135.0,35.0,1.0
0389_p140.0_t35.0_z1.0.jpg,140,35,1,140.0,35.0,1.0
0390_p145.0_t35.0_z1.0.jpg,145,35,1,145.0,35.0,1.0
0391_p150.0_t35.0_z1.0.jpg,150,35,1,150.0,35.0,1.0
0392_p155.0_t35.0_z1.0.jpg,155,35,1,155.0,35.0,1.0
0393_p160.0_t35.0_z1.0.jpg,160,35,1,160.0,35.0,1.0
0394_p165.0_t35.0_z1.0.jpg,165,35,1,165.0,35.0,1.0
0395_p170.0_t35.0_z1.0.jpg,170,35,1,170.0,35.0,1.0
0396_p175.0_t35.0_z1.0.jpg,175,35,1,175.0,35.0,1.0
0397_p180.0_t35.0_z1.0.jpg,180,35,1,180.0,35.0,1.0
0398_p185.0_t35.0_z1.0.jpg,185,35,1,185.0,35.0,1.0
0399_p190.0_t35.0_z1.0.jpg,190,35,1,190.0,35.0,1.0
0400_p195.0_t35.0_z1.0.jpg,195,35,1,195.0,35.0,1.0
0401_p200.0_t35.0_z1.0.jpg,200,35,1,200.0,35.0,1.0
0402_p205.0_t35.0_z1.0.jpg,205,35,1,205.0,35.0,1.0
0403_p210.0_t35.0_z1.0.jpg,210,35,1,210.0,35.0,1.0
0404_p215.0_t35.0_z1.0.jpg,215,35,1,215.0,35.0,1.0
0405_p220.0_t35.0_z1.0.jpg,220,35,1,220.0,35.0,1.0
0406_p225.0_t35.0_z1.0.jpg,225,35,1,225.0,35.0,1.0
0407_p230.0_t35.0_z1.0.jpg,230,35,1,230.0,35.0,1.0
0408_p235.0_t35.0_z1.0.jpg,235,35,1,235.0,35.0,1.0
0409_p240.0_t35.0_z1.0.jpg,240,35,1,240.0,35.0,1.0
0410_p245.0_t35.0_z1.0.jpg,245,35,1,245.0,35.0,1.0
0411_p250.0_t35.0_z1.0.jpg,250,35,1,250.0,35.0,1.0
0412_p255.0_t35.0_z1.0.jpg,255,35,1,255.0,35.0,1.0
0413_p260.0_t35.0_z1.0.jpg,260,35,1,260.0,35.0,1.0
0414_p265.0_t35.0_z1.0.jpg,265,35,1,265.0,35.0,1.0
0415_p270.0_t35.0_z1.0.jpg,270,35,1,270.0,35.0,1.0
0416_p275.0_t35.0_z1.0.jpg,275,35,1,275.0,35.0,1.0
0417_p280.0_t35.0_z1.0.jpg,280,35,1,280.0,35.0,1.0
0418_p285.0_t35.0_z1.0.jpg,285,35,1,285.0,35.0,1.0
0419_p290.0_t35.0_z1.0.jpg,290,35,1,290.0,35.0,1.0
0420_p295.0_t35.0_z1.0.jpg,295,35,1,295.0,35.0,1.0
0421_p300.0_t35.0_z1.0.jpg,300,35,1,300.0,35.0,1.0
0422_p305.0_t35.0_z1.0.jpg,305,35,1,305.0,35.0,1.0
0423_p310.0_t35.0_z1.0.jpg,310,35,1,310.0,35.0,1.0
0424_p315.0_t35.0_z1.0.jpg,315,35,1,315.0,35.0,1.0
0425_p320.0_t35.0_z1.0.jpg,320,35,1,320.0,35.0,1.0
0426_p325.0_t35.0_z1.0.jpg,325,35,1,325.0,35.0,1.0
0427_p330.0_t35.0_z1.0.jpg,330,35,1,330.0,35.0,1.0
0428_p335.0_t35.0_z1.0.jpg,335,35,1,335.0,35.0,1.0
0429_p340.0_t35.0_z1.0.jpg,340,35,1,340.0,35.0,1.0
0430_p345.0_t35.0_z1.0.jpg,345,35,1,345.0,35.0,1.0
0431_p350.0_t35.0_z1.0.jpg,350,35,1,350.0,35.0,1.0
0432_p350.0_t35.0_z1.0.jpg,355,35,1,350.0,35.0,1.0
0433_p0.0_t40.0_z1.0.jpg,0,40,1,0.0,40.0,1.0
0434_p5.0_t40.0_z1.0.jpg,5,40,1,5.0,40.0,1.0
0435_p10.0_t40.0_z1.0.jpg,10,40,1,10.0,40.0,1.0
0436_p15.0_t40.0_z1.0.jpg,15,40,1,15.0,40.0,1.0
0437_p20.0_t40.0_z1.0.jpg,20,40,1,20.0,40.0,1.0
0438_p25.0_t40.0_z1.0.jpg,25,40,1,25.0,40.0,1.0
0439_p30.0_t40.0_z1.0.jpg,30,40,1,30.0,40.0,1.0
0440_p35.0_t40.0_z1.0.jpg,35,40,1,35.0,40.0,1.0
0441_p40.0_t40.0_z1.0.jpg,40,40,1,40.0,40.0,1.0
0442_p45.0_t40.0_z1.0.jpg,45,40,1,45.0,40.0,1.0
0443_p50.0_t40.0_z1.0.jpg,50,40,1,50.0,40.0,1.0
0444_p55.0_t40.0_z1.0.jpg,55,40,1,55.0,40.0,1.0
0445_p60.0_t40.0_z1.0.jpg,60,40,1,60.0,40.0,1.0
0446_p65.0_t40.0_z1.0.jpg,65,40,1,65.0,40.0,1.0
0447_p70.0_t40.0_z1.0.jpg,70,40,1,70.0,40.0,1.0
0448_p75.0_t40.0_z1.0.jpg,75,40,1,75.0,40.0,1.0
0449_p80.0_t40.0_z1.0.jpg,80,40,1,80.0,40.0,1.0
0450_p85.0_t40.0_z1.0.jpg,85,40,1,85.0,40.0,1.0
0451_p90.0_t40.0_z1.0.jpg,90,40,1,90.0,40.0,1.0
0452_p95.0_t40.0_z1.0.jpg,95,40,1,95.0,40.0,1.0
0453_p100.0_t40.0_z1.0.jpg,100,40,1,100.0,40.0,1.0
0454_p105.0_t40.0_z1.0.jpg,105,40,1,105.0,40.0,1.0
0455_p110.0_t40.0_z1.0.jpg,110,40,1,110.0,40.0,1.0
0456_p115.0_t40.0_z1.0.jpg,115,40,1,115.0,40.0,1.0
0457_p120.0_t40.0_z1.0.jpg,120,40,1,120.0,40.0,1.0
0458_p125.0_t40.0_z1.0.jpg,125,40,1,125.0,40.0,1.0
0459_p130.0_t40.0_z1.0.jpg,130,40,1,130.0,40.0,1.0
0460_p135.0_t40.0_z1.0.jpg,135,40,1,135.0,40.0,1.0
0461_p140.0_t40.0_z1.0.jpg,140,40,1,140.0,40.0,1.0
0462_p145.0_t40.0_z1.0.jpg,145,40,1,145.0,40.0,1.0
0463_p150.0_t40.0_z1.0.jpg,150,40,1,150.0,40.0,1.0
0464_p155.0_t40.0_z1.0.jpg,155,40,1,155.0,40.0,1.0
0465_p160.0_t40.0_z1.0.jpg,160,40,1,160.0,40.0,1.0
0466_p165.0_t40.0_z1.0.jpg,165,40,1,165.0,40.0,1.0
0467_p170.0_t40.0_z1.0.jpg,170,40,1,170.0,40.0,1.0
0468_p175.0_t40.0_z1.0.jpg,175,40,1,175.0,40.0,1.0
0469_p180.0_t40.0_z1.0.jpg,180,40,1,180.0,40.0,1.0
0470_p185.0_t40.0_z1.0.jpg,185,40,1,185.0,40.0,1.0
0471_p190.0_t40.0_z1.0.jpg,190,40,1,190.0,40.0,1.0
0472_p195.0_t40.0_z1.0.jpg,195,40,1,195.0,40.0,1.0
0473_p200.0_t40.0_z1.0.jpg,200,40,1,200.0,40.0,1.0
0474_p205.0_t40.0_z1.0.jpg,205,40,1,205.0,40.0,1.0
0475_p210.0_t40.0_z1.0.jpg,210,40,1,210.0,40.0,1.0
0476_p215.0_t40.0_z1.0.jpg,215,40,1,215.0,40.0,1.0
0477_p220.0_t40.0_z1.0.jpg,220,40,1,220.0,40.0,1.0
0478_p225.0_t40.0_z1.0.jpg,225,40,1,225.0,40.0,1.0
0479_p230.0_t40.0_z1.0.jpg,230,40,1,230.0,40.0,1.0
0480_p235.0_t40.0_z1.0.jpg,235,40,1,235.0,40.0,1.0
0481_p240.0_t40.0_z1.0.jpg,240,40,1,240.0,40.0,1.0
0482_p245.0_t40.0_z1.0.jpg,245,40,1,245.0,40.0,1.0
0483_p250.0_t40.0_z1.0.jpg,250,40,1,250.0,40.0,1.0
0484_p255.0_t40.0_z1.0.jpg,255,40,1,255.0,40.0,1.0
0485_p260.0_t40.0_z1.0.jpg,260,40,1,260.0,40.0,1.0
0486_p265.0_t40.0_z1.0.jpg,265,40,1,265.0,40.0,1.0
0487_p270.0_t40.0_z1.0.jpg,270,40,1,270.0,40.0,1.0
0488_p275.0_t40.0_z1.0.jpg,275,40,1,275.0,40.0,1.0
0489_p280.0_t40.0_z1.0.jpg,280,40,1,280.0,40.0,1.0
0490_p285.0_t40.0_z1.0.jpg,285,40,1,285.0,40.0,1.0
0491_p290.0_t40.0_z1.0.jpg,290,40,1,290.0,40.0,1.0
0492_p295.0_t40.0_z1.0.jpg,295,40,1,295.0,40.0,1.0
0493_p300.0_t40.0_z1.0.jpg,300,40,1,300.0,40.0,1.0
0494_p305.0_t40.0_z1.0.jpg,305,40,1,305.0,40.0,1.0
0495_p310.0_t40.0_z1.0.jpg,310,40,1,310.0,40.0,1.0
0496_p315.0_t40.0_z1.0.jpg,315,40,1,315.0,40.0,1.0
0497_p320.0_t40.0_z1.0.jpg,320,40,1,320.0,40.0,1.0
0498_p325.0_t40.0_z1.0.jpg,325,40,1,325.0,40.0,1.0
0499_p330.0_t40.0_z1.0.jpg,330,40,1,330.0,40.0,1.0
0500_p335.0_t40.0_z1.0.jpg,335,40,1,335.0,40.0,1.0
0501_p340.0_t40.0_z1.0.jpg,340,40,1,340.0,40.0,1.0
0502_p345.0_t40.0_z1.0.jpg,345,40,1,345.0,40.0,1.0
0503_p350.0_t40.0_z1.0.jpg,350,40,1,350.0,40.0,1.0
0504_p350.0_t40.0_z1.0.jpg,355,40,1,350.0,40.0,1.0
0505_p0.0_t45.0_z1.0.jpg,0,45,1,0.0,45.0,1.0
0506_p5.0_t45.0_z1.0.jpg,5,45,1,5.0,45.0,1.0
0507_p10.0_t45.0_z1.0.jpg,10,45,1,10.0,45.0,1.0
0508_p15.0_t45.0_z1.0.jpg,15,45,1,15.0,45.0,1.0
0509_p20.0_t45.0_z1.0.jpg,20,45,1,20.0,45.0,1.0
0510_p25.0_t45.0_z1.0.jpg,25,45,1,25.0,45.0,1.0
0511_p30.0_t45.0_z1.0.jpg,30,45,1,30.0,45.0,1.0
0512_p35.0_t45.0_z1.0.jpg,35,45,1,35.0,45.0,1.0
0513_p40.0_t45.0_z1.0.jpg,40,45,1,40.0,45.0,1.0
0514_p45.0_t45.0_z1.0.jpg,45,45,1,45.0,45.0,1.0
0515_p50.0_t45.0_z1.0.jpg,50,45,1,50.0,45.0,1.0
0516_p55.0_t45.0_z1.0.jpg,55,45,1,55.0,45.0,1.0
0517_p60.0_t45.0_z1.0.jpg,60,45,1,60.0,45.0,1.0
0518_p65.0_t45.0_z1.0.jpg,65,45,1,65.0,45.0,1.0
0519_p70.0_t45.0_z1.0.jpg,70,45,1,70.0,45.0,1.0
0520_p75.0_t45.0_z1.0.jpg,75,45,1,75.0,45.0,1.0
0521_p80.0_t45.0_z1.0.jpg,80,45,1,80.0,45.0,1.0
0522_p85.0_t45.0_z1.0.jpg,85,45,1,85.0,45.0,1.0
0523_p90.0_t45.0_z1.0.jpg,90,45,1,90.0,45.0,1.0
0524_p95.0_t45.0_z1.0.jpg,95,45,1,95.0,45.0,1.0
0525_p100.0_t45.0_z1.0.jpg,100,45,1,100.0,45.0,1.0
0526_p105.0_t45.0_z1.0.jpg,105,45,1,105.0,45.0,1.0
0527_p110.0_t45.0_z1.0.jpg,110,45,1,110.0,45.0,1.0
0528_p115.0_t45.0_z1.0.jpg,115,45,1,115.0,45.0,1.0
0529_p120.0_t45.0_z1.0.jpg,120,45,1,120.0,45.0,1.0
0530_p125.0_t45.0_z1.0.jpg,125,45,1,125.0,45.0,1.0
0531_p130.0_t45.0_z1.0.jpg,130,45,1,130.0,45.0,1.0
0532_p135.0_t45.0_z1.0.jpg,135,45,1,135.0,45.0,1.0
0533_p140.0_t45.0_z1.0.jpg,140,45,1,140.0,45.0,1.0
0534_p145.0_t45.0_z1.0.jpg,145,45,1,145.0,45.0,1.0
0535_p150.0_t45.0_z1.0.jpg,150,45,1,150.0,45.0,1.0
0536_p155.0_t45.0_z1.0.jpg,155,45,1,155.0,45.0,1.0
0537_p160.0_t45.0_z1.0.jpg,160,45,1,160.0,45.0,1.0
0538_p165.0_t45.0_z1.0.jpg,165,45,1,165.0,45.0,1.0
0539_p170.0_t45.0_z1.0.jpg,170,45,1,170.0,45.0,1.0
0540_p175.0_t45.0_z1.0.jpg,175,45,1,175.0,45.0,1.0
0541_p180.0_t45.0_z1.0.jpg,180,45,1,180.0,45.0,1.0
0542_p185.0_t45.0_z1.0.jpg,185,45,1,185.0,45.0,1.0
0543_p190.0_t45.0_z1.0.jpg,190,45,1,190.0,45.0,1.0
0544_p195.0_t45.0_z1.0.jpg,195,45,1,195.0,45.0,1.0
0545_p200.0_t45.0_z1.0.jpg,200,45,1,200.0,45.0,1.0
0546_p205.0_t45.0_z1.0.jpg,205,45,1,205.0,45.0,1.0
0547_p210.0_t45.0_z1.0.jpg,210,45,1,210.0,45.0,1.0
0548_p215.0_t45.0_z1.0.jpg,215,45,1,215.0,45.0,1.0
0549_p220.0_t45.0_z1.0.jpg,220,45,1,220.0,45.0,1.0
0550_p225.0_t45.0_z1.0.jpg,225,45,1,225.0,45.0,1.0
0551_p230.0_t45.0_z1.0.jpg,230,45,1,230.0,45.0,1.0
0552_p235.0_t45.0_z1.0.jpg,235,45,1,235.0,45.0,1.0
0553_p240.0_t45.0_z1.0.jpg,240,45,1,240.0,45.0,1.0
0554_p245.0_t45.0_z1.0.jpg,245,45,1,245.0,45.0,1.0
0555_p250.0_t45.0_z1.0.jpg,250,45,1,250.0,45.0,1.0
0556_p255.0_t45.0_z1.0.jpg,255,45,1,255.0,45.0,1.0
0557_p260.0_t45.0_z1.0.jpg,260,45,1,260.0,45.0,1.0
0558_p265.0_t45.0_z1.0.jpg,265,45,1,265.0,45.0,1.0
0559_p270.0_t45.0_z1.0.jpg,270,45,1,270.0,45.0,1.0
0560_p275.0_t45.0_z1.0.jpg,275,45,1,275.0,45.0,1.0
0561_p280.0_t45.0_z1.0.jpg,280,45,1,280.0,45.0,1.0
0562_p285.0_t45.0_z1.0.jpg,285,45,1,285.0,45.0,1.0
0563_p290.0_t45.0_z1.0.jpg,290,45,1,290.0,45.0,1.0
0564_p295.0_t45.0_z1.0.jpg,295,45,1,295.0,45.0,1.0
0565_p300.0_t45.0_z1.0.jpg,300,45,1,300.0,45.0,1.0
0566_p305.0_t45.0_z1.0.jpg,305,45,1,305.0,45.0,1.0
0567_p310.0_t45.0_z1.0.jpg,310,45,1,310.0,45.0,1.0
0568_p315.0_t45.0_z1.0.jpg,315,45,1,315.0,45.0,1.0
0569_p320.0_t45.0_z1.0.jpg,320,45,1,320.0,45.0,1.0
0570_p325.0_t45.0_z1.0.jpg,325,45,1,325.0,45.0,1.0
0571_p330.0_t45.0_z1.0.jpg,330,45,1,330.0,45.0,1.0
0572_p335.0_t45.0_z1.0.jpg,335,45,1,335.0,45.0,1.0
0573_p340.0_t45.0_z1.0.jpg,340,45,1,340.0,45.0,1.0
0574_p345.0_t45.0_z1.0.jpg,345,45,1,345.0,45.0,1.0
0575_p350.0_t45.0_z1.0.jpg,350,45,1,350.0,45.0,1.0
0576_p350.0_t45.0_z1.0.jpg,355,45,1,350.0,45.0,1.0
0577_p0.0_t50.0_z1.0.jpg,0,50,1,0.0,50.0,1.0
0578_p5.0_t50.0_z1.0.jpg,5,50,1,5.0,50.0,1.0
0579_p10.0_t50.0_z1.0.jpg,10,50,1,10.0,50.0,1.0
0580_p15.0_t50.0_z1.0.jpg,15,50,1,15.0,50.0,1.0
0581_p20.0_t50.0_z1.0.jpg,20,50,1,20.0,50.0,1.0
0582_p25.0_t50.0_z1.0.jpg,25,50,1,25.0,50.0,1.0
0583_p30.0_t50.0_z1.0.jpg,30,50,1,30.0,50.0,1.0
0584_p35.0_t50.0_z1.0.jpg,35,50,1,35.0,50.0,1.0
0585_p40.0_t50.0_z1.0.jpg,40,50,1,40.0,50.0,1.0
0586_p45.0_t50.0_z1.0.jpg,45,50,1,45.0,50.0,1.0
0587_p50.0_t50.0_z1.0.jpg,50,50,1,50.0,50.0,1.0
0588_p55.0_t50.0_z1.0.jpg,55,50,1,55.0,50.0,1.0
0589_p60.0_t50.0_z1.0.jpg,60,50,1,60.0,50.0,1.0
0590_p65.0_t50.0_z1.0.jpg,65,50,1,65.0,50.0,1.0
0591_p70.0_t50.0_z1.0.jpg,70,50,1,70.0,50.0,1.0
0592_p75.0_t50.0_z1.0.jpg,75,50,1,75.0,50.0,1.0
0593_p80.0_t50.0_z1.0.jpg,80,50,1,80.0,50.0,1.0
0594_p85.0_t50.0_z1.0.jpg,85,50,1,85.0,50.0,1.0
0595_p90.0_t50.0_z1.0.jpg,90,50,1,90.0,50.0,1.0
0596_p95.0_t50.0_z1.0.jpg,95,50,1,95.0,50.0,1.0
0597_p100.0_t50.0_z1.0.jpg,100,50,1,100.0,50.0,1.0
0598_p105.0_t50.0_z1.0.jpg,105,50,1,105.0,50.0,1.0
0599_p110.0_t50.0_z1.0.jpg,110,50,1,110.0,50.0,1.0
0600_p115.0_t50.0_z1.0.jpg,115,50,1,115.0,50.0,1.0
0601_p120.0_t50.0_z1.0.jpg,120,50,1,120.0,50.0,1.0
0602_p125.0_t50.0_z1.0.jpg,125,50,1,125.0,50.0,1.0
0603_p130.0_t50.0_z1.0.jpg,130,50,1,130.0,50.0,1.0
0604_p135.0_t50.0_z1.0.jpg,135,50,1,135.0,50.0,1.0
0605_p140.0_t50.0_z1.0.jpg,140,50,1,140.0,50.0,1.0
0606_p145.0_t50.0_z1.0.jpg,145,50,1,145.0,50.0,1.0
0607_p150.0_t50.0_z1.0.jpg,150,50,1,150.0,50.0,1.0
0608_p155.0_t50.0_z1.0.jpg,155,50,1,155.0,50.0,1.0
0609_p160.0_t50.0_z1.0.jpg,160,50,1,160.0,50.0,1.0
0610_p165.0_t50.0_z1.0.jpg,165,50,1,165.0,50.0,1.0
0611_p170.0_t50.0_z1.0.jpg,170,50,1,170.0,50.0,1.0
0612_p175.0_t50.0_z1.0.jpg,175,50,1,175.0,50.0,1.0
0613_p180.0_t50.0_z1.0.jpg,180,50,1,180.0,50.0,1.0
0614_p185.0_t50.0_z1.0.jpg,185,50,1,185.0,50.0,1.0
0615_p190.0_t50.0_z1.0.jpg,190,50,1,190.0,50.0,1.0
0616_p195.0_t50.0_z1.0.jpg,195,50,1,195.0,50.0,1.0
0617_p200.0_t50.0_z1.0.jpg,200,50,1,200.0,50.0,1.0
0618_p205.0_t50.0_z1.0.jpg,205,50,1,205.0,50.0,1.0
0619_p210.0_t50.0_z1.0.jpg,210,50,1,210.0,50.0,1.0
0620_p215.0_t50.0_z1.0.jpg,215,50,1,215.0,50.0,1.0
0621_p220.0_t50.0_z1.0.jpg,220,50,1,220.0,50.0,1.0
0622_p225.0_t50.0_z1.0.jpg,225,50,1,225.0,50.0,1.0
0623_p230.0_t50.0_z1.0.jpg,230,50,1,230.0,50.0,1.0
0624_p235.0_t50.0_z1.0.jpg,235,50,1,235.0,50.0,1.0
0625_p240.0_t50.0_z1.0.jpg,240,50,1,240.0,50.0,1.0
0626_p245.0_t50.0_z1.0.jpg,245,50,1,245.0,50.0,1.0
0627_p250.0_t50.0_z1.0.jpg,250,50,1,250.0,50.0,1.0
0628_p255.0_t50.0_z1.0.jpg,255,50,1,255.0,50.0,1.0
0629_p260.0_t50.0_z1.0.jpg,260,50,1,260.0,50.0,1.0
0630_p265.0_t50.0_z1.0.jpg,265,50,1,265.0,50.0,1.0
0631_p270.0_t50.0_z1.0.jpg,270,50,1,270.0,50.0,1.0
0632_p275.0_t50.0_z1.0.jpg,275,50,1,275.0,50.0,1.0
0633_p280.0_t50.0_z1.0.jpg,280,50,1,280.0,50.0,1.0
0634_p285.0_t50.0_z1.0.jpg,285,50,1,285.0,50.0,1.0
0635_p290.0_t50.0_z1.0.jpg,290,50,1,290.0,50.0,1.0
0636_p295.0_t50.0_z1.0.jpg,295,50,1,295.0,50.0,1.0
0637_p300.0_t50.0_z1.0.jpg,300,50,1,300.0,50.0,1.0
0638_p305.0_t50.0_z1.0.jpg,305,50,1,305.0,50.0,1.0
0639_p310.0_t50.0_z1.0.jpg,310,50,1,310.0,50.0,1.0
0640_p315.0_t50.0_z1.0.jpg,315,50,1,315.0,50.0,1.0
0641_p320.0_t50.0_z1.0.jpg,320,50,1,320.0,50.0,1.0
0642_p325.0_t50.0_z1.0.jpg,325,50,1,325.0,50.0,1.0
0643_p330.0_t50.0_z1.0.jpg,330,50,1,330.0,50.0,1.0
0644_p335.0_t50.0_z1.0.jpg,335,50,1,335.0,50.0,1.0
0645_p340.0_t50.0_z1.0.jpg,340,50,1,340.0,50.0,1.0
0646_p345.0_t50.0_z1.0.jpg,345,50,1,345.0,50.0,1.0
0647_p350.0_t50.0_z1.0.jpg,350,50,1,350.0,50.0,1.0
0648_p350.0_t50.0_z1.0.jpg,355,50,1,350.0,50.0,1.0
0649_p0.0_t10.0_z2.0.jpg,0,10,2,0.0,10.0,2.0
0650_p5.0_t10.0_z2.0.jpg,5,10,2,5.0,10.0,2.0
0651_p10.0_t10.0_z2.0.jpg,10,10,2,10.0,10.0,2.0
0652_p15.0_t10.0_z2.0.jpg,15,10,2,15.0,10.0,2.0
0653_p20.0_t10.0_z2.0.jpg,20,10,2,20.0,10.0,2.0
0654_p25.0_t10.0_z2.0.jpg,25,10,2,25.0,10.0,2.0
0655_p30.0_t10.0_z2.0.jpg,30,10,2,30.0,10.0,2.0
0656_p35.0_t10.0_z2.0.jpg,35,10,2,35.0,10.0,2.0
0657_p40.0_t10.0_z2.0.jpg,40,10,2,40.0,10.0,2.0
0658_p45.0_t10.0_z2.0.jpg,45,10,2,45.0,10.0,2.0
0659_p50.0_t10.0_z2.0.jpg,50,10,2,50.0,10.0,2.0
0660_p55.0_t10.0_z2.0.jpg,55,10,2,55.0,10.0,2.0
0661_p60.0_t10.0_z2.0.jpg,60,10,2,60.0,10.0,2.0
0662_p65.0_t10.0_z2.0.jpg,65,10,2,65.0,10.0,2.0
0663_p70.0_t10.0_z2.0.jpg,70,10,2,70.0,10.0,2.0
0664_p75.0_t10.0_z2.0.jpg,75,10,2,75.0,10.0,2.0
0665_p80.0_t10.0_z2.0.jpg,80,10,2,80.0,10.0,2.0
0666_p85.0_t10.0_z2.0.jpg,85,10,2,85.0,10.0,2.0
0667_p90.0_t10.0_z2.0.jpg,90,10,2,90.0,10.0,2.0
0668_p95.0_t10.0_z2.0.jpg,95,10,2,95.0,10.0,2.0
0669_p100.0_t10.0_z2.0.jpg,100,10,2,100.0,10.0,2.0
0670_p105.0_t10.0_z2.0.jpg,105,10,2,105.0,10.0,2.0
0671_p110.0_t10.0_z2.0.jpg,110,10,2,110.0,10.0,2.0
0672_p115.0_t10.0_z2.0.jpg,115,10,2,115.0,10.0,2.0
0673_p120.0_t10.0_z2.0.jpg,120,10,2,120.0,10.0,2.0
0674_p125.0_t10.0_z2.0.jpg,125,10,2,125.0,10.0,2.0
0675_p130.0_t10.0_z2.0.jpg,130,10,2,130.0,10.0,2.0
0676_p135.0_t10.0_z2.0.jpg,135,10,2,135.0,10.0,2.0
0677_p140.0_t10.0_z2.0.jpg,140,10,2,140.0,10.0,2.0
0678_p145.0_t10.0_z2.0.jpg,145,10,2,145.0,10.0,2.0
0679_p150.0_t10.0_z2.0.jpg,150,10,2,150.0,10.0,2.0
0680_p155.0_t10.0_z2.0.jpg,155,10,2,155.0,10.0,2.0
0681_p160.0_t10.0_z2.0.jpg,160,10,2,160.0,10.0,2.0
0682_p165.0_t10.0_z2.0.jpg,165,10,2,165.0,10.0,2.0
0683_p170.0_t10.0_z2.0.jpg,170,10,2,170.0,10.0,2.0
0684_p175.0_t10.0_z2.0.jpg,175,10,2,175.0,10.0,2.0
0685_p180.0_t10.0_z2.0.jpg,180,10,2,180.0,10.0,2.0
0686_p185.0_t10.0_z2.0.jpg,185,10,2,185.0,10.0,2.0
0687_p190.0_t10.0_z2.0.jpg,190,10,2,190.0,10.0,2.0
0688_p195.0_t10.0_z2.0.jpg,195,10,2,195.0,10.0,2.0
0689_p200.0_t10.0_z2.0.jpg,200,10,2,200.0,10.0,2.0
0690_p205.0_t10.0_z2.0.jpg,205,10,2,205.0,10.0,2.0
0691_p210.0_t10.0_z2.0.jpg,210,10,2,210.0,10.0,2.0
0692_p215.0_t10.0_z2.0.jpg,215,10,2,215.0,10.0,2.0
0693_p220.0_t10.0_z2.0.jpg,220,10,2,220.0,10.0,2.0
0694_p225.0_t10.0_z2.0.jpg,225,10,2,225.0,10.0,2.0
0695_p230.0_t10.0_z2.0.jpg,230,10,2,230.0,10.0,2.0
0696_p235.0_t10.0_z2.0.jpg,235,10,2,235.0,10.0,2.0
0697_p240.0_t10.0_z2.0.jpg,240,10,2,240.0,10.0,2.0
0698_p245.0_t10.0_z2.0.jpg,245,10,2,245.0,10.0,2.0
0699_p250.0_t10.0_z2.0.jpg,250,10,2,250.0,10.0,2.0
0700_p255.0_t10.0_z2.0.jpg,255,10,2,255.0,10.0,2.0
0701_p260.0_t10.0_z2.0.jpg,260,10,2,260.0,10.0,2.0
0702_p265.0_t10.0_z2.0.jpg,265,10,2,265.0,10.0,2.0
0703_p270.0_t10.0_z2.0.jpg,270,10,2,270.0,10.0,2.0
0704_p275.0_t10.0_z2.0.jpg,275,10,2,275.0,10.0,2.0
0705_p280.0_t10.0_z2.0.jpg,280,10,2,280.0,10.0,2.0
0706_p285.0_t10.0_z2.0.jpg,285,10,2,285.0,10.0,2.0
0707_p290.0_t10.0_z2.0.jpg,290,10,2,290.0,10.0,2.0
0708_p295.0_t10.0_z2.0.jpg,295,10,2,295.0,10.0,2.0
0709_p300.0_t10.0_z2.0.jpg,300,10,2,300.0,10.0,2.0
0710_p305.0_t10.0_z2.0.jpg,305,10,2,305.0,10.0,2.0
0711_p310.0_t10.0_z2.0.jpg,310,10,2,310.0,10.0,2.0
0712_p315.0_t10.0_z2.0.jpg,315,10,2,315.0,10.0,2.0
0713_p320.0_t10.0_z2.0.jpg,320,10,2,320.0,10.0,2.0
0714_p325.0_t10.0_z2.0.jpg,325,10,2,325.0,10.0,2.0
0715_p330.0_t10.0_z2.0.jpg,330,10,2,330.0,10.0,2.0
0716_p335.0_t10.0_z2.0.jpg,335,10,2,335.0,10.0,2.0
0717_p340.0_t10.0_z2.0.jpg,340,10,2,340.0,10.0,2.0
0718_p345.0_t10.0_z2.0.jpg,345,10,2,345.0,10.0,2.0
0719_p350.0_t10.0_z2.0.jpg,350,10,2,350.0,10.0,2.0
0720_p350.0_t10.0_z2.0.jpg,355,10,2,350.0,10.0,2.0
0721_p0.0_t15.0_z2.0.jpg,0,15,2,0.0,15.0,2.0
0722_p5.0_t15.0_z2.0.jpg,5,15,2,5.0,15.0,2.0
0723_p10.0_t15.0_z2.0.jpg,10,15,2,10.0,15.0,2.0
0724_p15.0_t15.0_z2.0.jpg,15,15,2,15.0,15.0,2.0
0725_p20.0_t15.0_z2.0.jpg,20,15,2,20.0,15.0,2.0
0726_p25.0_t15.0_z2.0.jpg,25,15,2,25.0,15.0,2.0
0727_p30.0_t15.0_z2.0.jpg,30,15,2,30.0,15.0,2.0
0728_p35.0_t15.0_z2.0.jpg,35,15,2,35.0,15.0,2.0
0729_p40.0_t15.0_z2.0.jpg,40,15,2,40.0,15.0,2.0
0730_p45.0_t15.0_z2.0.jpg,45,15,2,45.0,15.0,2.0
0731_p50.0_t15.0_z2.0.jpg,50,15,2,50.0,15.0,2.0
0732_p55.0_t15.0_z2.0.jpg,55,15,2,55.0,15.0,2.0
0733_p60.0_t15.0_z2.0.jpg,60,15,2,60.0,15.0,2.0
0734_p65.0_t15.0_z2.0.jpg,65,15,2,65.0,15.0,2.0
0735_p70.0_t15.0_z2.0.jpg,70,15,2,70.0,15.0,2.0
0736_p75.0_t15.0_z2.0.jpg,75,15,2,75.0,15.0,2.0
0737_p80.0_t15.0_z2.0.jpg,80,15,2,80.0,15.0,2.0
0738_p85.0_t15.0_z2.0.jpg,85,15,2,85.0,15.0,2.0
0739_p90.0_t15.0_z2.0.jpg,90,15,2,90.0,15.0,2.0
0740_p95.0_t15.0_z2.0.jpg,95,15,2,95.0,15.0,2.0
0741_p100.0_t15.0_z2.0.jpg,100,15,2,100.0,15.0,2.0
0742_p105.0_t15.0_z2.0.jpg,105,15,2,105.0,15.0,2.0
0743_p110.0_t15.0_z2.0.jpg,110,15,2,110.0,15.0,2.0
0744_p115.0_t15.0_z2.0.jpg,115,15,2,115.0,15.0,2.0
0745_p120.0_t15.0_z2.0.jpg,120,15,2,120.0,15.0,2.0
0746_p125.0_t15.0_z2.0.jpg,125,15,2,125.0,15.0,2.0
0747_p130.0_t15.0_z2.0.jpg,130,15,2,130.0,15.0,2.0
0748_p135.0_t15.0_z2.0.jpg,135,15,2,135.0,15.0,2.0
0749_p140.0_t15.0_z2.0.jpg,140,15,2,140.0,15.0,2.0
0750_p145.0_t15.0_z2.0.jpg,145,15,2,145.0,15.0,2.0
0751_p150.0_t15.0_z2.0.jpg,150,15,2,150.0,15.0,2.0
0752_p155.0_t15.0_z2.0.jpg,155,15,2,155.0,15.0,2.0
0753_p160.0_t15.0_z2.0.jpg,160,15,2,160.0,15.0,2.0
0754_p165.0_t15.0_z2.0.jpg,165,15,2,165.0,15.0,2.0
0755_p170.0_t15.0_z2.0.jpg,170,15,2,170.0,15.0,2.0
0756_p175.0_t15.0_z2.0.jpg,175,15,2,175.0,15.0,2.0
0757_p180.0_t15.0_z2.0.jpg,180,15,2,180.0,15.0,2.0
0758_p185.0_t15.0_z2.0.jpg,185,15,2,185.0,15.0,2.0
0759_p190.0_t15.0_z2.0.jpg,190,15,2,190.0,15.0,2.0
0760_p195.0_t15.0_z2.0.jpg,195,15,2,195.0,15.0,2.0
0761_p200.0_t15.0_z2.0.jpg,200,15,2,200.0,15.0,2.0
0762_p205.0_t15.0_z2.0.jpg,205,15,2,205.0,15.0,2.0
0763_p210.0_t15.0_z2.0.jpg,210,15,2,210.0,15.0,2.0
0764_p215.0_t15.0_z2.0.jpg,215,15,2,215.0,15.0,2.0
0765_p220.0_t15.0_z2.0.jpg,220,15,2,220.0,15.0,2.0
0766_p225.0_t15.0_z2.0.jpg,225,15,2,225.0,15.0,2.0
0767_p230.0_t15.0_z2.0.jpg,230,15,2,230.0,15.0,2.0
0768_p235.0_t15.0_z2.0.jpg,235,15,2,235.0,15.0,2.0
0769_p240.0_t15.0_z2.0.jpg,240,15,2,240.0,15.0,2.0
0770_p245.0_t15.0_z2.0.jpg,245,15,2,245.0,15.0,2.0
0771_p250.0_t15.0_z2.0.jpg,250,15,2,250.0,15.0,2.0
0772_p255.0_t15.0_z2.0.jpg,255,15,2,255.0,15.0,2.0
0773_p260.0_t15.0_z2.0.jpg,260,15,2,260.0,15.0,2.0
0774_p265.0_t15.0_z2.0.jpg,265,15,2,265.0,15.0,2.0
0775_p270.0_t15.0_z2.0.jpg,270,15,2,270.0,15.0,2.0
0776_p275.0_t15.0_z2.0.jpg,275,15,2,275.0,15.0,2.0
0777_p280.0_t15.0_z2.0.jpg,280,15,2,280.0,15.0,2.0
0778_p285.0_t15.0_z2.0.jpg,285,15,2,285.0,15.0,2.0
0779_p290.0_t15.0_z2.0.jpg,290,15,2,290.0,15.0,2.0
0780_p295.0_t15.0_z2.0.jpg,295,15,2,295.0,15.0,2.0
0781_p300.0_t15.0_z2.0.jpg,300,15,2,300.0,15.0,2.0
0782_p305.0_t15.0_z2.0.jpg,305,15,2,305.0,15.0,2.0
0783_p310.0_t15.0_z2.0.jpg,310,15,2,310.0,15.0,2.0
0784_p315.0_t15.0_z2.0.jpg,315,15,2,315.0,15.0,2.0
0785_p320.0_t15.0_z2.0.jpg,320,15,2,320.0,15.0,2.0
0786_p325.0_t15.0_z2.0.jpg,325,15,2,325.0,15.0,2.0
0787_p330.0_t15.0_z2.0.jpg,330,15,2,330.0,15.0,2.0
0788_p335.0_t15.0_z2.0.jpg,335,15,2,335.0,15.0,2.0
0789_p340.0_t15.0_z2.0.jpg,340,15,2,340.0,15.0,2.0
0790_p345.0_t15.0_z2.0.jpg,345,15,2,345.0,15.0,2.0
0791_p350.0_t15.0_z2.0.jpg,350,15,2,350.0,15.0,2.0
0792_p350.0_t15.0_z2.0.jpg,355,15,2,350.0,15.0,2.0
0793_p0.0_t20.0_z2.0.jpg,0,20,2,0.0,20.0,2.0
0794_p5.0_t20.0_z2.0.jpg,5,20,2,5.0,20.0,2.0
0795_p10.0_t20.0_z2.0.jpg,10,20,2,10.0,20.0,2.0
0796_p15.0_t20.0_z2.0.jpg,15,20,2,15.0,20.0,2.0
0797_p20.0_t20.0_z2.0.jpg,20,20,2,20.0,20.0,2.0
0798_p25.0_t20.0_z2.0.jpg,25,20,2,25.0,20.0,2.0
0799_p30.0_t20.0_z2.0.jpg,30,20,2,30.0,20.0,2.0
0800_p35.0_t20.0_z2.0.jpg,35,20,2,35.0,20.0,2.0
0801_p40.0_t20.0_z2.0.jpg,40,20,2,40.0,20.0,2.0
0802_p45.0_t20.0_z2.0.jpg,45,20,2,45.0,20.0,2.0
0803_p50.0_t20.0_z2.0.jpg,50,20,2,50.0,20.0,2.0
0804_p55.0_t20.0_z2.0.jpg,55,20,2,55.0,20.0,2.0
0805_p60.0_t20.0_z2.0.jpg,60,20,2,60.0,20.0,2.0
0806_p65.0_t20.0_z2.0.jpg,65,20,2,65.0,20.0,2.0
0807_p70.0_t20.0_z2.0.jpg,70,20,2,70.0,20.0,2.0
0808_p75.0_t20.0_z2.0.jpg,75,20,2,75.0,20.0,2.0
0809_p80.0_t20.0_z2.0.jpg,80,20,2,80.0,20.0,2.0
0810_p85.0_t20.0_z2.0.jpg,85,20,2,85.0,20.0,2.0
0811_p90.0_t20.0_z2.0.jpg,90,20,2,90.0,20.0,2.0
0812_p95.0_t20.0_z2.0.jpg,95,20,2,95.0,20.0,2.0
0813_p100.0_t20.0_z2.0.jpg,100,20,2,100.0,20.0,2.0
0814_p105.0_t20.0_z2.0.jpg,105,20,2,105.0,20.0,2.0
0815_p110.0_t20.0_z2.0.jpg,110,20,2,110.0,20.0,2.0
0816_p115.0_t20.0_z2.0.jpg,115,20,2,115.0,20.0,2.0
0817_p120.0_t20.0_z2.0.jpg,120,20,2,120.0,20.0,2.0
0818_p125.0_t20.0_z2.0.jpg,125,20,2,125.0,20.0,2.0
0819_p130.0_t20.0_z2.0.jpg,130,20,2,130.0,20.0,2.0
0820_p135.0_t20.0_z2.0.jpg,135,20,2,135.0,20.0,2.0
0821_p140.0_t20.0_z2.0.jpg,140,20,2,140.0,20.0,2.0
0822_p145.0_t20.0_z2.0.jpg,145,20,2,145.0,20.0,2.0
0823_p150.0_t20.0_z2.0.jpg,150,20,2,150.0,20.0,2.0
0824_p155.0_t20.0_z2.0.jpg,155,20,2,155.0,20.0,2.0
0825_p160.0_t20.0_z2.0.jpg,160,20,2,160.0,20.0,2.0
0826_p165.0_t20.0_z2.0.jpg,165,20,2,165.0,20.0,2.0
0827_p170.0_t20.0_z2.0.jpg,170,20,2,170.0,20.0,2.0
0828_p175.0_t20.0_z2.0.jpg,175,20,2,175.0,20.0,2.0
0829_p180.0_t20.0_z2.0.jpg,180,20,2,180.0,20.0,2.0
0830_p185.0_t20.0_z2.0.jpg,185,20,2,185.0,20.0,2.0
0831_p190.0_t20.0_z2.0.jpg,190,20,2,190.0,20.0,2.0
0832_p195.0_t20.0_z2.0.jpg,195,20,2,195.0,20.0,2.0
0833_p200.0_t20.0_z2.0.jpg,200,20,2,200.0,20.0,2.0
0834_p205.0_t20.0_z2.0.jpg,205,20,2,205.0,20.0,2.0
0835_p210.0_t20.0_z2.0.jpg,210,20,2,210.0,20.0,2.0
0836_p215.0_t20.0_z2.0.jpg,215,20,2,215.0,20.0,2.0
0837_p220.0_t20.0_z2.0.jpg,220,20,2,220.0,20.0,2.0
0838_p225.0_t20.0_z2.0.jpg,225,20,2,225.0,20.0,2.0
0839_p230.0_t20.0_z2.0.jpg,230,20,2,230.0,20.0,2.0
0840_p235.0_t20.0_z2.0.jpg,235,20,2,235.0,20.0,2.0
0841_p240.0_t20.0_z2.0.jpg,240,20,2,240.0,20.0,2.0
0842_p245.0_t20.0_z2.0.jpg,245,20,2,245.0,20.0,2.0
0843_p250.0_t20.0_z2.0.jpg,250,20,2,250.0,20.0,2.0
0844_p255.0_t20.0_z2.0.jpg,255,20,2,255.0,20.0,2.0
0845_p260.0_t20.0_z2.0.jpg,260,20,2,260.0,20.0,2.0
0846_p265.0_t20.0_z2.0.jpg,265,20,2,265.0,20.0,2.0
0847_p270.0_t20.0_z2.0.jpg,270,20,2,270.0,20.0,2.0
0848_p275.0_t20.0_z2.0.jpg,275,20,2,275.0,20.0,2.0
0849_p280.0_t20.0_z2.0.jpg,280,20,2,280.0,20.0,2.0
0850_p285.0_t20.0_z2.0.jpg,285,20,2,285.0,20.0,2.0
0851_p290.0_t20.0_z2.0.jpg,290,20,2,290.0,20.0,2.0
0852_p295.0_t20.0_z2.0.jpg,295,20,2,295.0,20.0,2.0
0853_p300.0_t20.0_z2.0.jpg,300,20,2,300.0,20.0,2.0
0854_p305.0_t20.0_z2.0.jpg,305,20,2,305.0,20.0,2.0
0855_p310.0_t20.0_z2.0.jpg,310,20,2,310.0,20.0,2.0
0856_p315.0_t20.0_z2.0.jpg,315,20,2,315.0,20.0,2.0
0857_p320.0_t20.0_z2.0.jpg,320,20,2,320.0,20.0,2.0
0858_p325.0_t20.0_z2.0.jpg,325,20,2,325.0,20.0,2.0
0859_p330.0_t20.0_z2.0.jpg,330,20,2,330.0,20.0,2.0
0860_p335.0_t20.0_z2.0.jpg,335,20,2,335.0,20.0,2.0
0861_p340.0_t20.0_z2.0.jpg,340,20,2,340.0,20.0,2.0
0862_p345.0_t20.0_z2.0.jpg,345,20,2,345.0,20.0,2.0
0863_p350.0_t20.0_z2.0.jpg,350,20,2,350.0,20.0,2.0
0864_p350.0_t20.0_z2.0.jpg,355,20,2,350.0,20.0,2.0
0865_p0.0_t25.0_z2.0.jpg,0,25,2,0.0,25.0,2.0
0866_p5.0_t25.0_z2.0.jpg,5,25,2,5.0,25.0,2.0
0867_p10.0_t25.0_z2.0.jpg,10,25,2,10.0,25.0,2.0
0868_p15.0_t25.0_z2.0.jpg,15,25,2,15.0,25.0,2.0
0869_p20.0_t25.0_z2.0.jpg,20,25,2,20.0,25.0,2.0
0870_p25.0_t25.0_z2.0.jpg,25,25,2,25.0,25.0,2.0
0871_p30.0_t25.0_z2.0.jpg,30,25,2,30.0,25.0,2.0
0872_p35.0_t25.0_z2.0.jpg,35,25,2,35.0,25.0,2.0
0873_p40.0_t25.0_z2.0.jpg,40,25,2,40.0,25.0,2.0
0874_p45.0_t25.0_z2.0.jpg,45,25,2,45.0,25.0,2.0
0875_p50.0_t25.0_z2.0.jpg,50,25,2,50.0,25.0,2.0
0876_p55.0_t25.0_z2.0.jpg,55,25,2,55.0,25.0,2.0
0877_p60.0_t25.0_z2.0.jpg,60,25,2,60.0,25.0,2.0
0878_p65.0_t25.0_z2.0.jpg,65,25,2,65.0,25.0,2.0
0879_p70.0_t25.0_z2.0.jpg,70,25,2,70.0,25.0,2.0
0880_p75.0_t25.0_z2.0.jpg,75,25,2,75.0,25.0,2.0
0881_p80.0_t25.0_z2.0.jpg,80,25,2,80.0,25.0,2.0
0882_p85.0_t25.0_z2.0.jpg,85,25,2,85.0,25.0,2.0
0883_p90.0_t25.0_z2.0.jpg,90,25,2,90.0,25.0,2.0
0884_p95.0_t25.0_z2.0.jpg,95,25,2,95.0,25.0,2.0
0885_p100.0_t25.0_z2.0.jpg,100,25,2,100.0,25.0,2.0
0886_p105.0_t25.0_z2.0.jpg,105,25,2,105.0,25.0,2.0
0887_p110.0_t25.0_z2.0.jpg,110,25,2,110.0,25.0,2.0
0888_p115.0_t25.0_z2.0.jpg,115,25,2,115.0,25.0,2.0
0889_p120.0_t25.0_z2.0.jpg,120,25,2,120.0,25.0,2.0
0890_p125.0_t25.0_z2.0.jpg,125,25,2,125.0,25.0,2.0
0891_p130.0_t25.0_z2.0.jpg,130,25,2,130.0,25.0,2.0
0892_p135.0_t25.0_z2.0.jpg,135,25,2,135.0,25.0,2.0
0893_p140.0_t25.0_z2.0.jpg,140,25,2,140.0,25.0,2.0
0894_p145.0_t25.0_z2.0.jpg,145,25,2,145.0,25.0,2.0
0895_p150.0_t25.0_z2.0.jpg,150,25,2,150.0,25.0,2.0
0896_p155.0_t25.0_z2.0.jpg,155,25,2,155.0,25.0,2.0
0897_p160.0_t25.0_z2.0.jpg,160,25,2,160.0,25.0,2.0
0898_p165.0_t25.0_z2.0.jpg,165,25,2,165.0,25.0,2.0
0899_p170.0_t25.0_z2.0.jpg,170,25,2,170.0,25.0,2.0
0900_p175.0_t25.0_z2.0.jpg,175,25,2,175.0,25.0,2.0
0901_p180.0_t25.0_z2.0.jpg,180,25,2,180.0,25.0,2.0
0902_p185.0_t25.0_z2.0.jpg,185,25,2,185.0,25.0,2.0
0903_p190.0_t25.0_z2.0.jpg,190,25,2,190.0,25.0,2.0
0904_p195.0_t25.0_z2.0.jpg,195,25,2,195.0,25.0,2.0
0905_p200.0_t25.0_z2.0.jpg,200,25,2,200.0,25.0,2.0
0906_p205.0_t25.0_z2.0.jpg,205,25,2,205.0,25.0,2.0
0907_p210.0_t25.0_z2.0.jpg,210,25,2,210.0,25.0,2.0
0908_p215.0_t25.0_z2.0.jpg,215,25,2,215.0,25.0,2.0
0909_p220.0_t25.0_z2.0.jpg,220,25,2,220.0,25.0,2.0
0910_p225.0_t25.0_z2.0.jpg,225,25,2,225.0,25.0,2.0
0911_p230.0_t25.0_z2.0.jpg,230,25,2,230.0,25.0,2.0
0912_p235.0_t25.0_z2.0.jpg,235,25,2,235.0,25.0,2.0
0913_p240.0_t25.0_z2.0.jpg,240,25,2,240.0,25.0,2.0
0914_p245.0_t25.0_z2.0.jpg,245,25,2,245.0,25.0,2.0
0915_p250.0_t25.0_z2.0.jpg,250,25,2,250.0,25.0,2.0
0916_p255.0_t25.0_z2.0.jpg,255,25,2,255.0,25.0,2.0
0917_p260.0_t25.0_z2.0.jpg,260,25,2,260.0,25.0,2.0
0918_p265.0_t25.0_z2.0.jpg,265,25,2,265.0,25.0,2.0
0919_p270.0_t25.0_z2.0.jpg,270,25,2,270.0,25.0,2.0
0920_p275.0_t25.0_z2.0.jpg,275,25,2,275.0,25.0,2.0
0921_p280.0_t25.0_z2.0.jpg,280,25,2,280.0,25.0,2.0
0922_p285.0_t25.0_z2.0.jpg,285,25,2,285.0,25.0,2.0
0923_p290.0_t25.0_z2.0.jpg,290,25,2,290.0,25.0,2.0
0924_p295.0_t25.0_z2.0.jpg,295,25,2,295.0,25.0,2.0
0925_p300.0_t25.0_z2.0.jpg,300,25,2,300.0,25.0,2.0
0926_p305.0_t25.0_z2.0.jpg,305,25,2,305.0,25.0,2.0
0927_p310.0_t25.0_z2.0.jpg,310,25,2,310.0,25.0,2.0
0928_p315.0_t25.0_z2.0.jpg,315,25,2,315.0,25.0,2.0
0929_p320.0_t25.0_z2.0.jpg,320,25,2,320.0,25.0,2.0
0930_p325.0_t25.0_z2.0.jpg,325,25,2,325.0,25.0,2.0
0931_p330.0_t25.0_z2.0.jpg,330,25,2,330.0,25.0,2.0
0932_p335.0_t25.0_z2.0.jpg,335,25,2,335.0,25.0,2.0
0933_p340.0_t25.0_z2.0.jpg,340,25,2,340.0,25.0,2.0
0934_p345.0_t25.0_z2.0.jpg,345,25,2,345.0,25.0,2.0
0935_p350.0_t25.0_z2.0.jpg,350,25,2,350.0,25.0,2.0
0936_p350.0_t25.0_z2.0.jpg,355,25,2,350.0,25.0,2.0
0937_p0.0_t30.0_z2.0.jpg,0,30,2,0.0,30.0,2.0
0938_p5.0_t30.0_z2.0.jpg,5,30,2,5.0,30.0,2.0
0939_p10.0_t30.0_z2.0.jpg,10,30,2,10.0,30.0,2.0
0940_p15.0_t30.0_z2.0.jpg,15,30,2,15.0,30.0,2.0
0941_p20.0_t30.0_z2.0.jpg,20,30,2,20.0,30.0,2.0
0942_p25.0_t30.0_z2.0.jpg,25,30,2,25.0,30.0,2.0
0943_p30.0_t30.0_z2.0.jpg,30,30,2,30.0,30.0,2.0
0944_p35.0_t30.0_z2.0.jpg,35,30,2,35.0,30.0,2.0
0945_p40.0_t30.0_z2.0.jpg,40,30,2,40.0,30.0,2.0
0946_p45.0_t30.0_z2.0.jpg,45,30,2,45.0,30.0,2.0
0947_p50.0_t30.0_z2.0.jpg,50,30,2,50.0,30.0,2.0
0948_p55.0_t30.0_z2.0.jpg,55,30,2,55.0,30.0,2.0
0949_p60.0_t30.0_z2.0.jpg,60,30,2,60.0,30.0,2.0
0950_p65.0_t30.0_z2.0.jpg,65,30,2,65.0,30.0,2.0
0951_p70.0_t30.0_z2.0.jpg,70,30,2,70.0,30.0,2.0
0952_p75.0_t30.0_z2.0.jpg,75,30,2,75.0,30.0,2.0
0953_p80.0_t30.0_z2.0.jpg,80,30,2,80.0,30.0,2.0
0954_p85.0_t30.0_z2.0.jpg,85,30,2,85.0,30.0,2.0
0955_p90.0_t30.0_z2.0.jpg,90,30,2,90.0,30.0,2.0
0956_p95.0_t30.0_z2.0.jpg,95,30,2,95.0,30.0,2.0
0957_p100.0_t30.0_z2.0.jpg,100,30,2,100.0,30.0,2.0
0958_p105.0_t30.0_z2.0.jpg,105,30,2,105.0,30.0,2.0
0959_p110.0_t30.0_z2.0.jpg,110,30,2,110.0,30.0,2.0
0960_p115.0_t30.0_z2.0.jpg,115,30,2,115.0,30.0,2.0
0961_p120.0_t30.0_z2.0.jpg,120,30,2,120.0,30.0,2.0
0962_p125.0_t30.0_z2.0.jpg,125,30,2,125.0,30.0,2.0
0963_p130.0_t30.0_z2.0.jpg,130,30,2,130.0,30.0,2.0
0964_p135.0_t30.0_z2.0.jpg,135,30,2,135.0,30.0,2.0
0965_p140.0_t30.0_z2.0.jpg,140,30,2,140.0,30.0,2.0
0966_p145.0_t30.0_z2.0.jpg,145,30,2,145.0,30.0,2.0
0967_p150.0_t30.0_z2.0.jpg,150,30,2,150.0,30.0,2.0
0968_p155.0_t30.0_z2.0.jpg,155,30,2,155.0,30.0,2.0
0969_p160.0_t30.0_z2.0.jpg,160,30,2,160.0,30.0,2.0
0970_p165.0_t30.0_z2.0.jpg,165,30,2,165.0,30.0,2.0
0971_p170.0_t30.0_z2.0.jpg,170,30,2,170.0,30.0,2.0
0972_p175.0_t30.0_z2.0.jpg,175,30,2,175.0,30.0,2.0
0973_p180.0_t30.0_z2.0.jpg,180,30,2,180.0,30.0,2.0
0974_p185.0_t30.0_z2.0.jpg,185,30,2,185.0,30.0,2.0
0975_p190.0_t30.0_z2.0.jpg,190,30,2,190.0,30.0,2.0
0976_p195.0_t30.0_z2.0.jpg,195,30,2,195.0,30.0,2.0
0977_p200.0_t30.0_z2.0.jpg,200,30,2,200.0,30.0,2.0
0978_p205.0_t30.0_z2.0.jpg,205,30,2,205.0,30.0,2.0
0979_p210.0_t30.0_z2.0.jpg,210,30,2,210.0,30.0,2.0
0980_p215.0_t30.0_z2.0.jpg,215,30,2,215.0,30.0,2.0
0981_p220.0_t30.0_z2.0.jpg,220,30,2,220.0,30.0,2.0
0982_p225.0_t30.0_z2.0.jpg,225,30,2,225.0,30.0,2.0
0983_p230.0_t30.0_z2.0.jpg,230,30,2,230.0,30.0,2.0
0984_p235.0_t30.0_z2.0.jpg,235,30,2,235.0,30.0,2.0
0985_p240.0_t30.0_z2.0.jpg,240,30,2,240.0,30.0,2.0
0986_p245.0_t30.0_z2.0.jpg,245,30,2,245.0,30.0,2.0
0987_p250.0_t30.0_z2.0.jpg,250,30,2,250.0,30.0,2.0
0988_p255.0_t30.0_z2.0.jpg,255,30,2,255.0,30.0,2.0
0989_p260.0_t30.0_z2.0.jpg,260,30,2,260.0,30.0,2.0
0990_p265.0_t30.0_z2.0.jpg,265,30,2,265.0,30.0,2.0
0991_p270.0_t30.0_z2.0.jpg,270,30,2,270.0,30.0,2.0
0992_p275.0_t30.0_z2.0.jpg,275,30,2,275.0,30.0,2.0
0993_p280.0_t30.0_z2.0.jpg,280,30,2,280.0,30.0,2.0
0994_p285.0_t30.0_z2.0.jpg,285,30,2,285.0,30.0,2.0
0995_p290.0_t30.0_z2.0.jpg,290,30,2,290.0,30.0,2.0
0996_p295.0_t30.0_z2.0.jpg,295,30,2,295.0,30.0,2.0
0997_p300.0_t30.0_z2.0.jpg,300,30,2,300.0,30.0,2.0
0998_p305.0_t30.0_z2.0.jpg,305,30,2,305.0,30.0,2.0
0999_p310.0_t30.0_z2.0.jpg,310,30,2,310.0,30.0,2.0
1000_p315.0_t30.0_z2.0.jpg,315,30,2,315.0,30.0,2.0
1001_p320.0_t30.0_z2.0.jpg,320,30,2,320.0,30.0,2.0
1002_p325.0_t30.0_z2.0.jpg,325,30,2,325.0,30.0,2.0
1003_p330.0_t30.0_z2.0.jpg,330,30,2,330.0,30.0,2.0
1004_p335.0_t30.0_z2.0.jpg,335,30,2,335.0,30.0,2.0
1005_p340.0_t30.0_z2.0.jpg,340,30,2,340.0,30.0,2.0
1006_p345.0_t30.0_z2.0.jpg,345,30,2,345.0,30.0,2.0
1007_p350.0_t30.0_z2.0.jpg,350,30,2,350.0,30.0,2.0
1008_p350.0_t30.0_z2.0.jpg,355,30,2,350.0,30.0,2.0
1009_p0.0_t35.0_z2.0.jpg,0,35,2,0.0,35.0,2.0
1010_p5.0_t35.0_z2.0.jpg,5,35,2,5.0,35.0,2.0
1011_p10.0_t35.0_z2.0.jpg,10,35,2,10.0,35.0,2.0
1012_p15.0_t35.0_z2.0.jpg,15,35,2,15.0,35.0,2.0
1013_p20.0_t35.0_z2.0.jpg,20,35,2,20.0,35.0,2.0
1014_p25.0_t35.0_z2.0.jpg,25,35,2,25.0,35.0,2.0
1015_p30.0_t35.0_z2.0.jpg,30,35,2,30.0,35.0,2.0
1016_p35.0_t35.0_z2.0.jpg,35,35,2,35.0,35.0,2.0
1017_p40.0_t35.0_z2.0.jpg,40,35,2,40.0,35.0,2.0
1018_p45.0_t35.0_z2.0.jpg,45,35,2,45.0,35.0,2.0
1019_p50.0_t35.0_z2.0.jpg,50,35,2,50.0,35.0,2.0
1020_p55.0_t35.0_z2.0.jpg,55,35,2,55.0,35.0,2.0
1021_p60.0_t35.0_z2.0.jpg,60,35,2,60.0,35.0,2.0
1022_p65.0_t35.0_z2.0.jpg,65,35,2,65.0,35.0,2.0
1023_p70.0_t35.0_z2.0.jpg,70,35,2,70.0,35.0,2.0
1024_p75.0_t35.0_z2.0.jpg,75,35,2,75.0,35.0,2.0
1025_p80.0_t35.0_z2.0.jpg,80,35,2,80.0,35.0,2.0
1026_p85.0_t35.0_z2.0.jpg,85,35,2,85.0,35.0,2.0
1027_p90.0_t35.0_z2.0.jpg,90,35,2,90.0,35.0,2.0
1028_p95.0_t35.0_z2.0.jpg,95,35,2,95.0,35.0,2.0
1029_p100.0_t35.0_z2.0.jpg,100,35,2,100.0,35.0,2.0
1030_p105.0_t35.0_z2.0.jpg,105,35,2,105.0,35.0,2.0
1031_p110.0_t35.0_z2.0.jpg,110,35,2,110.0,35.0,2.0
1032_p115.0_t35.0_z2.0.jpg,115,35,2,115.0,35.0,2.0
1033_p120.0_t35.0_z2.0.jpg,120,35,2,120.0,35.0,2.0
1034_p125.0_t35.0_z2.0.jpg,125,35,2,125.0,35.0,2.0
1035_p130.0_t35.0_z2.0.jpg,130,35,2,130.0,35.0,2.0
1036_p135.0_t35.0_z2.0.jpg,135,35,2,135.0,35.0,2.0
1037_p140.0_t35.0_z2.0.jpg,140,35,2,140.0,35.0,2.0
1038_p145.0_t35.0_z2.0.jpg,145,35,2,145.0,35.0,2.0
1039_p150.0_t35.0_z2.0.jpg,150,35,2,150.0,35.0,2.0
1040_p155.0_t35.0_z2.0.jpg,155,35,2,155.0,35.0,2.0
1041_p160.0_t35.0_z2.0.jpg,160,35,2,160.0,35.0,2.0
1042_p165.0_t35.0_z2.0.jpg,165,35,2,165.0,35.0,2.0
1043_p170.0_t35.0_z2.0.jpg,170,35,2,170.0,35.0,2.0
1044_p175.0_t35.0_z2.0.jpg,175,35,2,175.0,35.0,2.0
1045_p180.0_t35.0_z2.0.jpg,180,35,2,180.0,35.0,2.0
1046_p185.0_t35.0_z2.0.jpg,185,35,2,185.0,35.0,2.0
1047_p190.0_t35.0_z2.0.jpg,190,35,2,190.0,35.0,2.0
1048_p195.0_t35.0_z2.0.jpg,195,35,2,195.0,35.0,2.0
1049_p200.0_t35.0_z2.0.jpg,200,35,2,200.0,35.0,2.0
1050_p205.0_t35.0_z2.0.jpg,205,35,2,205.0,35.0,2.0
1051_p210.0_t35.0_z2.0.jpg,210,35,2,210.0,35.0,2.0
1052_p215.0_t35.0_z2.0.jpg,215,35,2,215.0,35.0,2.0
1053_p220.0_t35.0_z2.0.jpg,220,35,2,220.0,35.0,2.0
1054_p225.0_t35.0_z2.0.jpg,225,35,2,225.0,35.0,2.0
1055_p230.0_t35.0_z2.0.jpg,230,35,2,230.0,35.0,2.0
1056_p235.0_t35.0_z2.0.jpg,235,35,2,235.0,35.0,2.0
1057_p240.0_t35.0_z2.0.jpg,240,35,2,240.0,35.0,2.0
1058_p245.0_t35.0_z2.0.jpg,245,35,2,245.0,35.0,2.0
1059_p250.0_t35.0_z2.0.jpg,250,35,2,250.0,35.0,2.0
1060_p255.0_t35.0_z2.0.jpg,255,35,2,255.0,35.0,2.0
1061_p260.0_t35.0_z2.0.jpg,260,35,2,260.0,35.0,2.0
1062_p265.0_t35.0_z2.0.jpg,265,35,2,265.0,35.0,2.0
1063_p270.0_t35.0_z2.0.jpg,270,35,2,270.0,35.0,2.0
1064_p275.0_t35.0_z2.0.jpg,275,35,2,275.0,35.0,2.0
1065_p280.0_t35.0_z2.0.jpg,280,35,2,280.0,35.0,2.0
1066_p285.0_t35.0_z2.0.jpg,285,35,2,285.0,35.0,2.0
1067_p290.0_t35.0_z2.0.jpg,290,35,2,290.0,35.0,2.0
1068_p295.0_t35.0_z2.0.jpg,295,35,2,295.0,35.0,2.0
1069_p300.0_t35.0_z2.0.jpg,300,35,2,300.0,35.0,2.0
1070_p305.0_t35.0_z2.0.jpg,305,35,2,305.0,35.0,2.0
1071_p310.0_t35.0_z2.0.jpg,310,35,2,310.0,35.0,2.0
1072_p315.0_t35.0_z2.0.jpg,315,35,2,315.0,35.0,2.0
1073_p320.0_t35.0_z2.0.jpg,320,35,2,320.0,35.0,2.0
1074_p325.0_t35.0_z2.0.jpg,325,35,2,325.0,35.0,2.0
1075_p330.0_t35.0_z2.0.jpg,330,35,2,330.0,35.0,2.0
1076_p335.0_t35.0_z2.0.jpg,335,35,2,335.0,35.0,2.0
1077_p340.0_t35.0_z2.0.jpg,340,35,2,340.0,35.0,2.0
1078_p345.0_t35.0_z2.0.jpg,345,35,2,345.0,35.0,2.0
1079_p350.0_t35.0_z2.0.jpg,350,35,2,350.0,35.0,2.0
1080_p350.0_t35.0_z2.0.jpg,355,35,2,350.0,35.0,2.0
1081_p0.0_t40.0_z2.0.jpg,0,40,2,0.0,40.0,2.0
1082_p5.0_t40.0_z2.0.jpg,5,40,2,5.0,40.0,2.0
1083_p10.0_t40.0_z2.0.jpg,10,40,2,10.0,40.0,2.0
1084_p15.0_t40.0_z2.0.jpg,15,40,2,15.0,40.0,2.0
1085_p20.0_t40.0_z2.0.jpg,20,40,2,20.0,40.0,2.0
1086_p25.0_t40.0_z2.0.jpg,25,40,2,25.0,40.0,2.0
1087_p30.0_t40.0_z2.0.jpg,30,40,2,30.0,40.0,2.0
1088_p35.0_t40.0_z2.0.jpg,35,40,2,35.0,40.0,2.0
1089_p40.0_t40.0_z2.0.jpg,40,40,2,40.0,40.0,2.0
1090_p45.0_t40.0_z2.0.jpg,45,40,2,45.0,40.0,2.0
1091_p50.0_t40.0_z2.0.jpg,50,40,2,50.0,40.0,2.0
1092_p55.0_t40.0_z2.0.jpg,55,40,2,55.0,40.0,2.0
1093_p60.0_t40.0_z2.0.jpg,60,40,2,60.0,40.0,2.0
1094_p65.0_t40.0_z2.0.jpg,65,40,2,65.0,40.0,2.0
1095_p70.0_t40.0_z2.0.jpg,70,40,2,70.0,40.0,2.0
1096_p75.0_t40.0_z2.0.jpg,75,40,2,75.0,40.0,2.0
1097_p80.0_t40.0_z2.0.jpg,80,40,2,80.0,40.0,2.0
1098_p85.0_t40.0_z2.0.jpg,85,40,2,85.0,40.0,2.0
1099_p90.0_t40.0_z2.0.jpg,90,40,2,90.0,40.0,2.0
1100_p95.0_t40.0_z2.0.jpg,95,40,2,95.0,40.0,2.0
1101_p100.0_t40.0_z2.0.jpg,100,40,2,100.0,40.0,2.0
1102_p105.0_t40.0_z2.0.jpg,105,40,2,105.0,40.0,2.0
1103_p110.0_t40.0_z2.0.jpg,110,40,2,110.0,40.0,2.0
1104_p115.0_t40.0_z2.0.jpg,115,40,2,115.0,40.0,2.0
1105_p120.0_t40.0_z2.0.jpg,120,40,2,120.0,40.0,2.0
1106_p125.0_t40.0_z2.0.jpg,125,40,2,125.0,40.0,2.0
1107_p130.0_t40.0_z2.0.jpg,130,40,2,130.0,40.0,2.0
1108_p135.0_t40.0_z2.0.jpg,135,40,2,135.0,40.0,2.0
1109_p140.0_t40.0_z2.0.jpg,140,40,2,140.0,40.0,2.0
1110_p145.0_t40.0_z2.0.jpg,145,40,2,145.0,40.0,2.0
1111_p150.0_t40.0_z2.0.jpg,150,40,2,150.0,40.0,2.0
1112_p155.0_t40.0_z2.0.jpg,155,40,2,155.0,40.0,2.0
1113_p160.0_t40.0_z2.0.jpg,160,40,2,160.0,40.0,2.0
1114_p165.0_t40.0_z2.0.jpg,165,40,2,165.0,40.0,2.0
1115_p170.0_t40.0_z2.0.jpg,170,40,2,170.0,40.0,2.0
1116_p175.0_t40.0_z2.0.jpg,175,40,2,175.0,40.0,2.0
1117_p180.0_t40.0_z2.0.jpg,180,40,2,180.0,40.0,2.0
1118_p185.0_t40.0_z2.0.jpg,185,40,2,185.0,40.0,2.0
1119_p190.0_t40.0_z2.0.jpg,190,40,2,190.0,40.0,2.0
1120_p195.0_t40.0_z2.0.jpg,195,40,2,195.0,40.0,2.0
1121_p200.0_t40.0_z2.0.jpg,200,40,2,200.0,40.0,2.0
1122_p205.0_t40.0_z2.0.jpg,205,40,2,205.0,40.0,2.0
1123_p210.0_t40.0_z2.0.jpg,210,40,2,210.0,40.0,2.0
1124_p215.0_t40.0_z2.0.jpg,215,40,2,215.0,40.0,2.0
1125_p220.0_t40.0_z2.0.jpg,220,40,2,220.0,40.0,2.0
1126_p225.0_t40.0_z2.0.jpg,225,40,2,225.0,40.0,2.0
1127_p230.0_t40.0_z2.0.jpg,230,40,2,230.0,40.0,2.0
1128_p235.0_t40.0_z2.0.jpg,235,40,2,235.0,40.0,2.0
1129_p240.0_t40.0_z2.0.jpg,240,40,2,240.0,40.0,2.0
1130_p245.0_t40.0_z2.0.jpg,245,40,2,245.0,40.0,2.0
1131_p250.0_t40.0_z2.0.jpg,250,40,2,250.0,40.0,2.0
1132_p255.0_t40.0_z2.0.jpg,255,40,2,255.0,40.0,2.0
1133_p260.0_t40.0_z2.0.jpg,260,40,2,260.0,40.0,2.0
1134_p265.0_t40.0_z2.0.jpg,265,40,2,265.0,40.0,2.0
1135_p270.0_t40.0_z2.0.jpg,270,40,2,270.0,40.0,2.0
1136_p275.0_t40.0_z2.0.jpg,275,40,2,275.0,40.0,2.0
1137_p280.0_t40.0_z2.0.jpg,280,40,2,280.0,40.0,2.0
1138_p285.0_t40.0_z2.0.jpg,285,40,2,285.0,40.0,2.0
1139_p290.0_t40.0_z2.0.jpg,290,40,2,290.0,40.0,2.0
1140_p295.0_t40.0_z2.0.jpg,295,40,2,295.0,40.0,2.0
1141_p300.0_t40.0_z2.0.jpg,300,40,2,300.0,40.0,2.0
1142_p305.0_t40.0_z2.0.jpg,305,40,2,305.0,40.0,2.0
1143_p310.0_t40.0_z2.0.jpg,310,40,2,310.0,40.0,2.0
1144_p315.0_t40.0_z2.0.jpg,315,40,2,315.0,40.0,2.0
1145_p320.0_t40.0_z2.0.jpg,320,40,2,320.0,40.0,2.0
1146_p325.0_t40.0_z2.0.jpg,325,40,2,325.0,40.0,2.0
1147_p330.0_t40.0_z2.0.jpg,330,40,2,330.0,40.0,2.0
1148_p335.0_t40.0_z2.0.jpg,335,40,2,335.0,40.0,2.0
1149_p340.0_t40.0_z2.0.jpg,340,40,2,340.0,40.0,2.0
1150_p345.0_t40.0_z2.0.jpg,345,40,2,345.0,40.0,2.0
1151_p350.0_t40.0_z2.0.jpg,350,40,2,350.0,40.0,2.0
1152_p350.0_t40.0_z2.0.jpg,355,40,2,350.0,40.0,2.0
1153_p0.0_t45.0_z2.0.jpg,0,45,2,0.0,45.0,2.0
1154_p5.0_t45.0_z2.0.jpg,5,45,2,5.0,45.0,2.0
1155_p10.0_t45.0_z2.0.jpg,10,45,2,10.0,45.0,2.0
1156_p15.0_t45.0_z2.0.jpg,15,45,2,15.0,45.0,2.0
1157_p20.0_t45.0_z2.0.jpg,20,45,2,20.0,45.0,2.0
1158_p25.0_t45.0_z2.0.jpg,25,45,2,25.0,45.0,2.0
1159_p30.0_t45.0_z2.0.jpg,30,45,2,30.0,45.0,2.0
1160_p35.0_t45.0_z2.0.jpg,35,45,2,35.0,45.0,2.0
1161_p40.0_t45.0_z2.0.jpg,40,45,2,40.0,45.0,2.0
1162_p45.0_t45.0_z2.0.jpg,45,45,2,45.0,45.0,2.0
1163_p50.0_t45.0_z2.0.jpg,50,45,2,50.0,45.0,2.0
1164_p55.0_t45.0_z2.0.jpg,55,45,2,55.0,45.0,2.0
1165_p60.0_t45.0_z2.0.jpg,60,45,2,60.0,45.0,2.0
1166_p65.0_t45.0_z2.0.jpg,65,45,2,65.0,45.0,2.0
1167_p70.0_t45.0_z2.0.jpg,70,45,2,70.0,45.0,2.0
1168_p75.0_t45.0_z2.0.jpg,75,45,2,75.0,45.0,2.0
1169_p80.0_t45.0_z2.0.jpg,80,45,2,80.0,45.0,2.0
1170_p85.0_t45.0_z2.0.jpg,85,45,2,85.0,45.0,2.0
1171_p90.0_t45.0_z2.0.jpg,90,45,2,90.0,45.0,2.0
1172_p95.0_t45.0_z2.0.jpg,95,45,2,95.0,45.0,2.0
1173_p100.0_t45.0_z2.0.jpg,100,45,2,100.0,45.0,2.0
1174_p105.0_t45.0_z2.0.jpg,105,45,2,105.0,45.0,2.0
1175_p110.0_t45.0_z2.0.jpg,110,45,2,110.0,45.0,2.0
1176_p115.0_t45.0_z2.0.jpg,115,45,2,115.0,45.0,2.0
1177_p120.0_t45.0_z2.0.jpg,120,45,2,120.0,45.0,2.0
1178_p125.0_t45.0_z2.0.jpg,125,45,2,125.0,45.0,2.0
1179_p130.0_t45.0_z2.0.jpg,130,45,2,130.0,45.0,2.0
1180_p135.0_t45.0_z2.0.jpg,135,45,2,135.0,45.0,2.0
1181_p140.0_t45.0_z2.0.jpg,140,45,2,140.0,45.0,2.0
1182_p145.0_t45.0_z2.0.jpg,145,45,2,145.0,45.0,2.0
1183_p150.0_t45.0_z2.0.jpg,150,45,2,150.0,45.0,2.0
1184_p155.0_t45.0_z2.0.jpg,155,45,2,155.0,45.0,2.0
1185_p160.0_t45.0_z2.0.jpg,160,45,2,160.0,45.0,2.0
1186_p165.0_t45.0_z2.0.jpg,165,45,2,165.0,45.0,2.0
1187_p170.0_t45.0_z2.0.jpg,170,45,2,170.0,45.0,2.0
1188_p175.0_t45.0_z2.0.jpg,175,45,2,175.0,45.0,2.0
1189_p180.0_t45.0_z2.0.jpg,180,45,2,180.0,45.0,2.0
1190_p185.0_t45.0_z2.0.jpg,185,45,2,185.0,45.0,2.0
1191_p190.0_t45.0_z2.0.jpg,190,45,2,190.0,45.0,2.0
1192_p195.0_t45.0_z2.0.jpg,195,45,2,195.0,45.0,2.0
1193_p200.0_t45.0_z2.0.jpg,200,45,2,200.0,45.0,2.0
1194_p205.0_t45.0_z2.0.jpg,205,45,2,205.0,45.0,2.0
1195_p210.0_t45.0_z2.0.jpg,210,45,2,210.0,45.0,2.0
1196_p215.0_t45.0_z2.0.jpg,215,45,2,215.0,45.0,2.0
1197_p220.0_t45.0_z2.0.jpg,220,45,2,220.0,45.0,2.0
1198_p225.0_t45.0_z2.0.jpg,225,45,2,225.0,45.0,2.0
1199_p230.0_t45.0_z2.0.jpg,230,45,2,230.0,45.0,2.0
1200_p235.0_t45.0_z2.0.jpg,235,45,2,235.0,45.0,2.0
1201_p240.0_t45.0_z2.0.jpg,240,45,2,240.0,45.0,2.0
1202_p245.0_t45.0_z2.0.jpg,245,45,2,245.0,45.0,2.0
1203_p250.0_t45.0_z2.0.jpg,250,45,2,250.0,45.0,2.0
1204_p255.0_t45.0_z2.0.jpg,255,45,2,255.0,45.0,2.0
1205_p260.0_t45.0_z2.0.jpg,260,45,2,260.0,45.0,2.0
1206_p265.0_t45.0_z2.0.jpg,265,45,2,265.0,45.0,2.0
1207_p270.0_t45.0_z2.0.jpg,270,45,2,270.0,45.0,2.0
1208_p275.0_t45.0_z2.0.jpg,275,45,2,275.0,45.0,2.0
1209_p280.0_t45.0_z2.0.jpg,280,45,2,280.0,45.0,2.0
1210_p285.0_t45.0_z2.0.jpg,285,45,2,285.0,45.0,2.0
1211_p290.0_t45.0_z2.0.jpg,290,45,2,290.0,45.0,2.0
1212_p295.0_t45.0_z2.0.jpg,295,45,2,295.0,45.0,2.0
1213_p300.0_t45.0_z2.0.jpg,300,45,2,300.0,45.0,2.0
1214_p305.0_t45.0_z2.0.jpg,305,45,2,305.0,45.0,2.0
1215_p310.0_t45.0_z2.0.jpg,310,45,2,310.0,45.0,2.0
1216_p315.0_t45.0_z2.0.jpg,315,45,2,315.0,45.0,2.0
1217_p320.0_t45.0_z2.0.jpg,320,45,2,320.0,45.0,2.0
1218_p325.0_t45.0_z2.0.jpg,325,45,2,325.0,45.0,2.0
1219_p330.0_t45.0_z2.0.jpg,330,45,2,330.0,45.0,2.0
1220_p335.0_t45.0_z2.0.jpg,335,45,2,335.0,45.0,2.0
1221_p340.0_t45.0_z2.0.jpg,340,45,2,340.0,45.0,2.0
1222_p345.0_t45.0_z2.0.jpg,345,45,2,345.0,45.0,2.0
1223_p350.0_t45.0_z2.0.jpg,350,45,2,350.0,45.0,2.0
1224_p350.0_t45.0_z2.0.jpg,355,45,2,350.0,45.0,2.0
1225_p0.0_t50.0_z2.0.jpg,0,50,2,0.0,50.0,2.0
1226_p5.0_t50.0_z2.0.jpg,5,50,2,5.0,50.0,2.0
1227_p10.0_t50.0_z2.0.jpg,10,50,2,10.0,50.0,2.0
1228_p15.0_t50.0_z2.0.jpg,15,50,2,15.0,50.0,2.0
1229_p20.0_t50.0_z2.0.jpg,20,50,2,20.0,50.0,2.0
1230_p25.0_t50.0_z2.0.jpg,25,50,2,25.0,50.0,2.0
1231_p30.0_t50.0_z2.0.jpg,30,50,2,30.0,50.0,2.0
1232_p35.0_t50.0_z2.0.jpg,35,50,2,35.0,50.0,2.0
1233_p40.0_t50.0_z2.0.jpg,40,50,2,40.0,50.0,2.0
1234_p45.0_t50.0_z2.0.jpg,45,50,2,45.0,50.0,2.0
1235_p50.0_t50.0_z2.0.jpg,50,50,2,50.0,50.0,2.0
1236_p55.0_t50.0_z2.0.jpg,55,50,2,55.0,50.0,2.0
1237_p60.0_t50.0_z2.0.jpg,60,50,2,60.0,50.0,2.0
1238_p65.0_t50.0_z2.0.jpg,65,50,2,65.0,50.0,2.0
1239_p70.0_t50.0_z2.0.jpg,70,50,2,70.0,50.0,2.0
1240_p75.0_t50.0_z2.0.jpg,75,50,2,75.0,50.0,2.0
1241_p80.0_t50.0_z2.0.jpg,80,50,2,80.0,50.0,2.0
1242_p85.0_t50.0_z2.0.jpg,85,50,2,85.0,50.0,2.0
1243_p90.0_t50.0_z2.0.jpg,90,50,2,90.0,50.0,2.0
1244_p95.0_t50.0_z2.0.jpg,95,50,2,95.0,50.0,2.0
1245_p100.0_t50.0_z2.0.jpg,100,50,2,100.0,50.0,2.0
1246_p105.0_t50.0_z2.0.jpg,105,50,2,105.0,50.0,2.0
1247_p110.0_t50.0_z2.0.jpg,110,50,2,110.0,50.0,2.0
1248_p115.0_t50.0_z2.0.jpg,115,50,2,115.0,50.0,2.0
1249_p120.0_t50.0_z2.0.jpg,120,50,2,120.0,50.0,2.0
1250_p125.0_t50.0_z2.0.jpg,125,50,2,125.0,50.0,2.0
1251_p130.0_t50.0_z2.0.jpg,130,50,2,130.0,50.0,2.0
1252_p135.0_t50.0_z2.0.jpg,135,50,2,135.0,50.0,2.0
1253_p140.0_t50.0_z2.0.jpg,140,50,2,140.0,50.0,2.0
1254_p145.0_t50.0_z2.0.jpg,145,50,2,145.0,50.0,2.0
1255_p150.0_t50.0_z2.0.jpg,150,50,2,150.0,50.0,2.0
1256_p155.0_t50.0_z2.0.jpg,155,50,2,155.0,50.0,2.0
1257_p160.0_t50.0_z2.0.jpg,160,50,2,160.0,50.0,2.0
1258_p165.0_t50.0_z2.0.jpg,165,50,2,165.0,50.0,2.0
1259_p170.0_t50.0_z2.0.jpg,170,50,2,170.0,50.0,2.0
1260_p175.0_t50.0_z2.0.jpg,175,50,2,175.0,50.0,2.0
1261_p180.0_t50.0_z2.0.jpg,180,50,2,180.0,50.0,2.0
1262_p185.0_t50.0_z2.0.jpg,185,50,2,185.0,50.0,2.0
1263_p190.0_t50.0_z2.0.jpg,190,50,2,190.0,50.0,2.0
1264_p195.0_t50.0_z2.0.jpg,195,50,2,195.0,50.0,2.0
1265_p200.0_t50.0_z2.0.jpg,200,50,2,200.0,50.0,2.0
1266_p205.0_t50.0_z2.0.jpg,205,50,2,205.0,50.0,2.0
1267_p210.0_t50.0_z2.0.jpg,210,50,2,210.0,50.0,2.0
1268_p215.0_t50.0_z2.0.jpg,215,50,2,215.0,50.0,2.0
1269_p220.0_t50.0_z2.0.jpg,220,50,2,220.0,50.0,2.0
1270_p225.0_t50.0_z2.0.jpg,225,50,2,225.0,50.0,2.0
1271_p230.0_t50.0_z2.0.jpg,230,50,2,230.0,50.0,2.0
1272_p235.0_t50.0_z2.0.jpg,235,50,2,235.0,50.0,2.0
1273_p240.0_t50.0_z2.0.jpg,240,50,2,240.0,50.0,2.0
1274_p245.0_t50.0_z2.0.jpg,245,50,2,245.0,50.0,2.0
1275_p250.0_t50.0_z2.0.jpg,250,50,2,250.0,50.0,2.0
1276_p255.0_t50.0_z2.0.jpg,255,50,2,255.0,50.0,2.0
1277_p260.0_t50.0_z2.0.jpg,260,50,2,260.0,50.0,2.0
1278_p265.0_t50.0_z2.0.jpg,265,50,2,265.0,50.0,2.0
1279_p270.0_t50.0_z2.0.jpg,270,50,2,270.0,50.0,2.0
1280_p275.0_t50.0_z2.0.jpg,275,50,2,275.0,50.0,2.0
1281_p280.0_t50.0_z2.0.jpg,280,50,2,280.0,50.0,2.0
1282_p285.0_t50.0_z2.0.jpg,285,50,2,285.0,50.0,2.0
1283_p290.0_t50.0_z2.0.jpg,290,50,2,290.0,50.0,2.0
1284_p295.0_t50.0_z2.0.jpg,295,50,2,295.0,50.0,2.0
1285_p300.0_t50.0_z2.0.jpg,300,50,2,300.0,50.0,2.0
1286_p305.0_t50.0_z2.0.jpg,305,50,2,305.0,50.0,2.0
1287_p310.0_t50.0_z2.0.jpg,310,50,2,310.0,50.0,2.0
1288_p315.0_t50.0_z2.0.jpg,315,50,2,315.0,50.0,2.0
1289_p320.0_t50.0_z2.0.jpg,320,50,2,320.0,50.0,2.0
1290_p325.0_t50.0_z2.0.jpg,325,50,2,325.0,50.0,2.0
1291_p330.0_t50.0_z2.0.jpg,330,50,2,330.0,50.0,2.0
1292_p335.0_t50.0_z2.0.jpg,335,50,2,335.0,50.0,2.0
1293_p340.0_t50.0_z2.0.jpg,340,50,2,340.0,50.0,2.0
1294_p345.0_t50.0_z2.0.jpg,345,50,2,345.0,50.0,2.0
1295_p350.0_t50.0_z2.0.jpg,350,50,2,350.0,50.0,2.0
1296_p350.0_t50.0_z2.0.jpg,355,50,2,350.0,50.0,2.0
